ballBrand,ballType,modelName,type
Titleist,2Pieces,NXT Tour,BALL
Titleist,2Pieces,NXT Tour S,BALL
Titleist,2Pieces,PINNACLE BLING,BALL
Titleist,2Pieces,PINNACLE GOLD,BALL
Titleist,2Pieces,Velocity,BALL
Titleist,2Pieces,DT Solo,BALL
Titleist,2Pieces,Tour Distance SF,BALL
Titleist,3Pieces,Pro V1,BALL
Titleist,3Pieces,NXT Tour,BALL
Titleist,3Pieces,NXT Tour S,BALL
Titleist,3Pieces,VG3,BALL
Titleist,4Pieces,Pro V1x,BALL
Callaway,2Pieces,SUPERSOFT,BALL
Callaway,2Pieces,WARBIRD,BALL
Callaway,2Pieces,WARBIRD PLUS,BALL
Callaway,2Pieces,WARBIRD 2.0,BALL
Callaway,2Pieces,HEX WARBIRD,BALL
Callaway,3Pieces,Chrome Soft Truvis,BALL
Callaway,3Pieces,Chrome Soft,BALL
Callaway,3Pieces,SUPERHOT,BALL
Callaway,3Pieces,HEX HOT,BALL
Callaway,3Pieces,HEX CONTROL,BALL
Callaway,3Pieces,HEX CHROME,BALL
Callaway,3Pieces,HX DIABLO TOUR,BALL
Callaway,3Pieces,X2 HOT,BALL
Callaway,3Pieces,X2 HOT PLUS,BALL
Callaway,3Pieces,E.R.C,BALL
Callaway,4Pieces,SR1,BALL
Callaway,4Pieces,SR2.5,BALL
Callaway,4Pieces,HEX CHROME PLUS,BALL
Callaway,4Pieces,Legacy Platinum,BALL
Callaway,5Pieces,SR2,BALL
Callaway,5Pieces,SR3,BALL
Callaway,5Pieces,HEX BLACK TOUR,BALL
NIKE,2Pieces,Power Distance,BALL
NIKE,2Pieces,Power Distance 7,BALL
NIKE,2Pieces,Power Distance 8,BALL
NIKE,2Pieces,Power Distance 9,BALL
NIKE,2Pieces,NDX HEAT,BALL
NIKE,2Pieces,Crush Extreme,BALL
NIKE,2Pieces,NDX Turbo,BALL
NIKE,2Pieces,SFT,BALL
NIKE,3Pieces,RZN RED,BALL
NIKE,3Pieces,RZN WHITE,BALL
NIKE,3Pieces,HYPERFLIGHT,BALL
NIKE,3Pieces,ONE RZN,BALL
NIKE,4Pieces,RZN BLACK,BALL
NIKE,4Pieces,RZN PLATINUM,BALL
NIKE,4Pieces,20XI,BALL
NIKE,4Pieces,20XI-S,BALL
NIKE,4Pieces,20XI-X,BALL
NIKE,4Pieces,VAPOR BLACK 2.0,BALL
SRIXON,2Pieces,2015 Soft Feel,BALL
SRIXON,2Pieces,AD333,BALL
SRIXON,2Pieces,Q-STAR,BALL
SRIXON,2Pieces,DISTANCE,BALL
SRIXON,2Pieces,MARATHON,BALL
SRIXON,3Pieces,Z-STAR,BALL
SRIXON,3Pieces,TRISPEED,BALL
SRIXON,4Pieces,Z-STAR XV,BALL
DUNLOP,2Pieces,NEW DDH SF,BALL
DUNLOP,2Pieces,DDH SF,BALL
DUNLOP,2Pieces,DDH TOUR SPECIAL,BALL
DUNLOP,2Pieces,HI-BRID,BALL
DUNLOP,2Pieces,SF TOUR SPECIAL,BALL
DUNLOP,3Pieces,NEW XXIO Premium,BALL
DUNLOP,3Pieces,XXIO Aero Drive,BALL
DUNLOP,3Pieces,XXIO Premium,BALL
DUNLOP,3Pieces,XXIO XD-Aero,BALL
DUNLOP,3Pieces,XXIO SUPER XD,BALL
Taylormade,2Pieces,BURNER,BALL
Taylormade,2Pieces,BURNER SOFT,BALL
Taylormade,2Pieces,BURNER SOFT YELLOW,BALL
Taylormade,2Pieces,XP,BALL
Taylormade,2Pieces,DISTANCE,BALL
Taylormade,2Pieces,SUPER DEEP,BALL
Taylormade,3Pieces,PROJECT A,BALL
Taylormade,3Pieces,AEROBURNER PRO,BALL
Taylormade,3Pieces,AEROBURNER PRO YELLOW,BALL
Taylormade,3Pieces,ROCKETBALLZ,BALL
Taylormade,3Pieces,PENTA TP3,BALL
Taylormade,4Pieces,TOUR PREFERRED,BALL
Taylormade,5Pieces,TOUR PREFERRED X,BALL
Taylormade,5Pieces,PENTA TP,BALL
Taylormade,5Pieces,LETHAL,BALL
Volvik,2Pieces,LongLong,BALL
Volvik,2Pieces,Blue 90,BALL
Volvik,3Pieces,White Color S3,BALL
Volvik,3Pieces,Bismuth,BALL
Volvik,3Pieces,Bismuth Night,BALL
Volvik,3Pieces,Pro Bismuth,BALL
Volvik,3Pieces,CRYSTAL,BALL
Volvik,3Pieces,MAGMA,BALL
Volvik,3Pieces,MAGMA PLUS,BALL
Volvik,3Pieces,Lady 350,BALL
Volvik,3Pieces,Blade,BALL
Volvik,4Pieces,Luxury,BALL
Volvik,4Pieces,White Color S4,BALL
Volvik,4Pieces,VISTA iv,BALL
Volvik,4Pieces,VISTA is,BALL
Volvik,4Pieces,VISTA Luxury,BALL
Bridgestone/Tourstage,2Pieces,e5,BALL
Bridgestone/Tourstage,2Pieces,Newing Distance,BALL
Bridgestone/Tourstage,2Pieces,Newing Lady,BALL
Bridgestone/Tourstage,2Pieces,Newing Soft,BALL
Bridgestone/Tourstage,2Pieces,X01 B+ Super Vivid,BALL
Bridgestone/Tourstage,2Pieces,Extra Distance,BALL
Bridgestone/Tourstage,2Pieces,xFIXx,BALL
Bridgestone/Tourstage,3Pieces,e6,BALL
Bridgestone/Tourstage,3Pieces,e7,BALL
Bridgestone/Tourstage,3Pieces,V10,BALL
Bridgestone/Tourstage,3Pieces,V10 Limited,BALL
Bridgestone/Tourstage,3Pieces,NEW V10,BALL
Bridgestone/Tourstage,3Pieces,NEW V10 CL,BALL
Bridgestone/Tourstage,3Pieces,TOUR B330 RX,BALL
Bridgestone/Tourstage,3Pieces,TOUR B330 RXS,BALL
Bridgestone/Tourstage,3Pieces,X01,BALL
Bridgestone/Tourstage,3Pieces,X01 Mild,BALL
Bridgestone/Tourstage,3Pieces,X01 B+,BALL
Bridgestone/Tourstage,3Pieces,X01 H,BALL
Bridgestone/Tourstage,3Pieces,X01 s,BALL
Bridgestone/Tourstage,3Pieces,Super Newing BRILL,BALL
Bridgestone/Tourstage,3Pieces,Super Newing LS330,BALL
Bridgestone/Tourstage,3Pieces,Super Newing iV330,BALL
Bridgestone/Tourstage,3Pieces,U SPIN,BALL
Bridgestone/Tourstage,3Pieces,Vivid Newing,BALL
Bridgestone/Tourstage,3Pieces,Altus Newing,BALL
Bridgestone/Tourstage,3Pieces,X-jD,BALL
Bridgestone/Tourstage,4Pieces,PHYZ,BALL
Bridgestone/Tourstage,4Pieces,TOUR B330,BALL
Bridgestone/Tourstage,4Pieces,TOUR B330 S,BALL
Bridgestone/Tourstage,4Pieces,X01z,BALL
Bridgestone/Tourstage,4Pieces,X01 Solid,BALL
Bridgestone/Tourstage,4Pieces,X01 G+,BALL
Bridgestone/Tourstage,4Pieces,X01 R+,BALL
Bridgestone/Tourstage,4Pieces,X01 S3,BALL
Bridgestone/Tourstage,4Pieces,X01 G4,BALL
BIGYARD,2Pieces,PD,BALL
BIGYARD,2Pieces,GD,BALL
BIGYARD,2Pieces,300Y,BALL
BIGYARD,2Pieces,HERO,BALL
BIGYARD,2Pieces,HY,BALL
BIGYARD,3Pieces,DT300,BALL
BIGYARD,3Pieces,NEO N3,BALL
BIGYARD,3Pieces,XP,BALL
BIGYARD,3Pieces,SaintNine Q,BALL
BIGYARD,3Pieces,SaintNine X,BALL
BIGYARD,3Pieces,SaintNine V,BALL
BIGYARD,4Pieces,SaintNine M,BALL
FANTOM,2Pieces,Goker Dalmatian,BALL
FANTOM,2Pieces,PD40,BALL
FANTOM,2Pieces,EXACT,BALL
FANTOM,2Pieces,Power Distance,BALL
FANTOM,2Pieces,VISION Long Drive,BALL
FANTOM,2Pieces,VISION Air Launch,BALL
FANTOM,2Pieces,VISION Pure Touch,BALL
FANTOM,3Pieces,Goker,BALL
FANTOM,3Pieces,Goker Daisy,BALL
FANTOM,3Pieces,LD30,BALL
FANTOM,3Pieces,XD40,BALL
FANTOM,3Pieces,PRO SR,BALL
FANTOM,3Pieces,VISION Tour Force,BALL
Wilson Staff,2Pieces,ULTRA 500,BALL
Wilson Staff,2Pieces,DX2 SOFT,BALL
Wilson Staff,2Pieces,PRFILE POWER,BALL
Wilson Staff,2Pieces,DUO,BALL
Wilson Staff,2Pieces,SpongeBob,BALL
Wilson Staff,2Pieces,Titanium,BALL
Wilson Staff,2Pieces,SL9000,BALL
Wilson Staff,2Pieces,CYBERCORE,BALL
Wilson Staff,2Pieces,Tour Velocity,BALL
Wilson Staff,2Pieces,50 ELITE,BALL
Wilson Staff,3Pieces,FG Tour,BALL
Wilson Staff,3Pieces,DX3 SOFT,BALL
Wilson Staff,3Pieces,C:25,BALL
Wilson Staff,3Pieces,hope,BALL
기타 Brand,2Pieces,SARATOGA MACH II,BALL
기타 Brand,2Pieces,SARATOGA FORTUNA,BALL
기타 Brand,2Pieces,realline MONSTER II,BALL
기타 Brand,2Pieces,realline NEON 3,BALL
기타 Brand,2Pieces,PowerBilt Momentum XTRA Distance,BALL
기타 Brand,2Pieces,POLARA XD,BALL
기타 Brand,2Pieces,Max Power 432,BALL
기타 Brand,3Pieces,POLARA XDS,BALL
기타 Brand,3Pieces,Z-ONE,BALL
기타 Brand,3Pieces,NASSAU TRI CYBER,BALL
기타 Brand,3Pieces,ATOPOWER CUBE,BALL
기타 Brand,3Pieces,ATOMIST LADY,BALL
기타 Brand,3Pieces,Maruman Soft White,BALL
기타 Brand,4Pieces,KASCO KIRA KLENOT,BALL
기타 Brand,4Pieces,Maruman Majesty,BALL
기타 Brand,4Pieces,Mizuno MP-X,BALL