clubBrand,clubType,modelName,type
Taylormade,Driver,M1,CLUB
Taylormade,Driver,R15,CLUB
Taylormade,Driver,R15 430,CLUB
Taylormade,Driver,R11,CLUB
Taylormade,Driver,R11S,CLUB
Taylormade,Driver,R11J,CLUB
Taylormade,Driver,R9,CLUB
Taylormade,Driver,R9 Max,CLUB
Taylormade,Driver,R9 SuperMax,CLUB
Taylormade,Driver,R9 SuperTri,CLUB
Taylormade,Driver,R7,CLUB
Taylormade,Driver,R7 Quad,CLUB
Taylormade,Driver,R7 SuperQuad,CLUB
Taylormade,Driver,R5,CLUB
Taylormade,Driver,R5 Dual TP,CLUB
Taylormade,Driver,R1,CLUB
Taylormade,Driver,R1 TP,CLUB
Taylormade,Driver,R1 Black,CLUB
Taylormade,Driver,R540XD,CLUB
Taylormade,Driver,R580XD,CLUB
Taylormade,Driver,Aero Burner,CLUB
Taylormade,Driver,Aero Burner MINI,CLUB
Taylormade,Driver,SLDR-S,CLUB
Taylormade,Driver,SLDR_White,CLUB
Taylormade,Driver,SLDR 430,CLUB
Taylormade,Driver,SLDR Draw,CLUB
Taylormade,Driver,SLDR MINI,CLUB
Taylormade,Driver,Burner 1.0,CLUB
Taylormade,Driver,Burner 2.0,CLUB
Taylormade,Driver,Burner 3.0,CLUB
Taylormade,Driver,Burner Superfast 1.0,CLUB
Taylormade,Driver,Burner Superfast 2.0,CLUB
Taylormade,Driver,Gloire,CLUB
Taylormade,Driver,Gloire 2,CLUB
Taylormade,Driver,Gloire F,CLUB
Taylormade,Driver,JETSPEED,CLUB
Taylormade,Driver,SLDR,CLUB
Taylormade,Driver,RBZ,CLUB
Taylormade,Driver,RBZ TOUR,CLUB
Taylormade,Driver,RBZ Dr BOND,CLUB
Taylormade,Driver,RBZ Stage2,CLUB
Taylormade,Iron,RSI 1,CLUB
Taylormade,Iron,RSI 2,CLUB
Taylormade,Iron,RSI TP,CLUB
Taylormade,Iron,SLDR-S,CLUB
Taylormade,Iron,TP MC,CLUB
Taylormade,Iron,TP MB,CLUB
Taylormade,Iron,TP CB,CLUB
Taylormade,Iron,Gloire,CLUB
Taylormade,Iron,Gloire F,CLUB
Taylormade,Iron,Speedblade,CLUB
Taylormade,Iron,Speedblade HL,CLUB
Taylormade,Iron,Gloire Forged,CLUB
Taylormade,Iron,RocketBladez ,CLUB
Taylormade,Iron,RocketBladez HP,CLUB
Taylormade,Iron,RBZ,CLUB
Taylormade,Iron,RBZ SL,CLUB
Taylormade,Iron,RBZ HP,CLUB
Taylormade,Iron,RBZ HL,CLUB
Taylormade,Iron,Burner,CLUB
Taylormade,Iron,Burner HT,CLUB
Taylormade,Iron,Burner 1.0,CLUB
Taylormade,Iron,Burner 2.0,CLUB
Taylormade,Iron,Burner 3.0,CLUB
Taylormade,Iron,Burner Plus,CLUB
Taylormade,Iron,Burner Superfast 1.0,CLUB
Taylormade,Iron,Burner Superfast 2.0,CLUB
Taylormade,Iron,Burner Super Launch,CLUB
Taylormade,Iron,Aero Burner,CLUB
Taylormade,Iron,New Burner,CLUB
Taylormade,Iron,R11,CLUB
Taylormade,Iron,R9 Forged,CLUB
Taylormade,Iron,R9 Max,CLUB
Taylormade,Iron,R7 Series,CLUB
Taylormade,Iron,R5 Series,CLUB
Taylormade,Iron,RAC Series,CLUB
Taylormade,FairwayWood,M1,CLUB
Taylormade,FairwayWood,R15,CLUB
Taylormade,FairwayWood,R11,CLUB
Taylormade,FairwayWood,R11S,CLUB
Taylormade,FairwayWood,R9,CLUB
Taylormade,FairwayWood,R9 Max,CLUB
Taylormade,FairwayWood,R9 SuperMax,CLUB
Taylormade,FairwayWood,R9 SuperTri,CLUB
Taylormade,FairwayWood,R7 Series,CLUB
Taylormade,FairwayWood,R5 Series,CLUB
Taylormade,FairwayWood,Gloire,CLUB
Taylormade,FairwayWood,Gloire F,CLUB
Taylormade,FairwayWood,SLDR-S,CLUB
Taylormade,FairwayWood,SLDR,CLUB
Taylormade,FairwayWood,JETSPEED,CLUB
Taylormade,FairwayWood,RBZ,CLUB
Taylormade,FairwayWood,RBZ Stage2,CLUB
Taylormade,FairwayWood,RBZ SL,CLUB
Taylormade,FairwayWood,Aero Burner,CLUB
Taylormade,FairwayWood,Burner Superfast 1.0,CLUB
Taylormade,FairwayWood,Burner Superfast 2.0,CLUB
Taylormade,FairwayWood,Burner HighLaunch,CLUB
Taylormade,FairwayWood,Burner 1.0,CLUB
Taylormade,FairwayWood,Burner 2.0,CLUB
Taylormade,FairwayWood,Burner 3.0,CLUB
Taylormade,FairwayWood,Perfica,CLUB
Taylormade,FairwayWood,V-Steel Series,CLUB
Taylormade,Utility,M1 Rescue,CLUB
Taylormade,Utility,R15 Rescue,CLUB
Taylormade,Utility,R11,CLUB
Taylormade,Utility,R11S,CLUB
Taylormade,Utility,R9,CLUB
Taylormade,Utility,R9 Max,CLUB
Taylormade,Utility,R9 SuperMax,CLUB
Taylormade,Utility,R9 SuperTri,CLUB
Taylormade,Utility,R7 Series,CLUB
Taylormade,Utility,R5 Series,CLUB
Taylormade,Utility,Gloire,CLUB
Taylormade,Utility,Gloire F,CLUB
Taylormade,Utility,SLDR-S,CLUB
Taylormade,Utility,SLDR Rescue,CLUB
Taylormade,Utility,JETSPEED Rescue,CLUB
Taylormade,Utility,RBZ Rescue,CLUB
Taylormade,Utility,RBZ Stage2 Rescue,CLUB
Taylormade,Utility,Aero Burner,CLUB
Taylormade,Utility,Burner Superfast 1.0,CLUB
Taylormade,Utility,Burner Superfast 2.0,CLUB
Taylormade,Utility,Burner 1.0,CLUB
Taylormade,Utility,Burner 2.0,CLUB
Taylormade,Utility,Burner 3.0,CLUB
Taylormade,Wedge,ATV,CLUB
Taylormade,Wedge,XFT,CLUB
Taylormade,Wedge,Tour Preferred,CLUB
Taylormade,Wedge,Z-SPIN,CLUB
Taylormade,Wedge,EF,CLUB
Taylormade,Wedge,Speedblade,CLUB
Taylormade,Putter,Ghost Tour Black Daytona,CLUB
Taylormade,Putter,Ghost Tour Black Fontana,CLUB
Taylormade,Putter,Ghost Tour Daytona,CLUB
Taylormade,Putter,Ghost Tour Maranello 81,CLUB
Taylormade,Putter,Ghost Tour Fontana 72,CLUB
Taylormade,Putter,Ghost Tour Corza,CLUB
Taylormade,Putter,Ghost Spider Si,CLUB
Taylormade,Putter,Ghost Spider S,CLUB
Taylormade,Putter,Spider Mallet,CLUB
Taylormade,Putter,Spider Mallet 2.0,CLUB
Taylormade,Putter,Spider Blade,CLUB
Taylormade,Putter,Spider Blade 2.0,CLUB
Taylormade,Putter,Daddy Long Legs,CLUB
Taylormade,Putter,Daddy Long Legs 2.0,CLUB
Taylormade,Putter,Raylor Ghost Daytona 12,CLUB
Taylormade,Putter,Raylor Ghost Corza 72,CLUB
Taylormade,Putter,Raylor Ghost Fontana 72,CLUB
Taylormade,Putter,White Smoke Series,CLUB
Taylormade,Putter,Classic EST.79 Series,CLUB
Taylormade,Putter,Rosa Monza Series,CLUB
Taylormade,Putter,ARC1,CLUB
Callaway,Driver,XR,CLUB
Callaway,Driver,XR PRO,CLUB
Callaway,Driver,X HOT,CLUB
Callaway,Driver,X HOT PRO,CLUB
Callaway,Driver,X2 HOT,CLUB
Callaway,Driver,X2 HOT PRO,CLUB
Callaway,Driver,Big Bertha,CLUB
Callaway,Driver,Big Bertha V-Series,CLUB
Callaway,Driver,Big Bertha ALPHA,CLUB
Callaway,Driver,Big Bertha ALPHA 816,CLUB
Callaway,Driver,Big Bertha ALPHA 815,CLUB
Callaway,Driver,Great Big Bertha,CLUB
Callaway,Driver,Big Bertha BETA,CLUB
Callaway,Driver,Great Big Bertha,CLUB
Callaway,Driver,Great Big Bertha II,CLUB
Callaway,Driver,RAZR,CLUB
Callaway,Driver,RAZR X BLACK,CLUB
Callaway,Driver,RAZR FIT,CLUB
Callaway,Driver,RAZR FIT EXTREME,CLUB
Callaway,Driver,RAZR HAWK,CLUB
Callaway,Driver,NEW RAZR HAWK,CLUB
Callaway,Driver,Legacy Black,CLUB
Callaway,Driver,Legacy Apex,CLUB
Callaway,Driver,Legacy Aero,CLUB
Callaway,Driver,Legacy Platinum,CLUB
Callaway,Driver,Legacy Purple,CLUB
Callaway,Driver,New Legacy Black,CLUB
Callaway,Driver,DIABLO OCTANE,CLUB
Callaway,Driver,DIABLO EDGE,CLUB
Callaway,Driver,FT Optifoce,CLUB
Callaway,Driver,FT IQ,CLUB
Callaway,Driver,FT 9,CLUB
Callaway,Driver,ERC Fusion,CLUB
Callaway,Driver,FILLY,CLUB
Callaway,Driver,Hyper X,CLUB
Callaway,Iron,XR,CLUB
Callaway,Iron,XR PRO,CLUB
Callaway,Iron,X HOT,CLUB
Callaway,Iron,X HOT PRO,CLUB
Callaway,Iron,X2 HOT,CLUB
Callaway,Iron,X2 HOT PRO,CLUB
Callaway,Iron,Big Bertha,CLUB
Callaway,Iron,Big Bertha BETA,CLUB
Callaway,Iron,RAZR X Forged,CLUB
Callaway,Iron,RAZR TOUR,CLUB
Callaway,Iron,RAZR X BLACK,CLUB
Callaway,Iron,RAZR X HL,CLUB
Callaway,Iron,Legacy,CLUB
Callaway,Iron,Legacy II,CLUB
Callaway,Iron,Legacy Black Forged,CLUB
Callaway,Iron,Legacy Purple Forged,CLUB
Callaway,Iron,New Legacy Black Forged,CLUB
Callaway,Iron,Legacy Purple,CLUB
Callaway,Iron,New Legacy Black,CLUB
Callaway,Iron,DIABLO,CLUB
Callaway,Iron,DIABLO EDGE,CLUB
Callaway,Iron,X Forged III,CLUB
Callaway,Iron,FILLY,CLUB
Callaway,Iron,APEX Forged,CLUB
Callaway,Iron,APEX MB Forged,CLUB
Callaway,Iron,APEX PRO Forged,CLUB
Callaway,Iron,Fusion Forged,CLUB
Callaway,Iron,FT Series,CLUB
Callaway,Iron,X-14 Series,CLUB
Callaway,Iron,X-16 Series,CLUB
Callaway,Iron,X-18 Series,CLUB
Callaway,Iron,X-20 Series,CLUB
Callaway,Iron,X-22 Series,CLUB
Callaway,Iron,X-24 Series,CLUB
Callaway,FairwayWood,XR,CLUB
Callaway,FairwayWood,XR PRO,CLUB
Callaway,FairwayWood,X HOT,CLUB
Callaway,FairwayWood,X HOT PRO,CLUB
Callaway,FairwayWood,X2 HOT,CLUB
Callaway,FairwayWood,X2 HOT PRO,CLUB
Callaway,FairwayWood,Big Bertha,CLUB
Callaway,FairwayWood,Big Bertha ALPHA,CLUB
Callaway,FairwayWood,Big Bertha ALPHA 815,CLUB
Callaway,FairwayWood,Big Bertha ALPHA 816,CLUB
Callaway,FairwayWood,Big Bertha BETA,CLUB
Callaway,FairwayWood,Great Big Bertha,CLUB
Callaway,FairwayWood,RAZR,CLUB
Callaway,FairwayWood,RAZR X BLACK,CLUB
Callaway,FairwayWood,RAZR FIT,CLUB
Callaway,FairwayWood,RAZR FIT EXTREME,CLUB
Callaway,FairwayWood,RAZR HAWK,CLUB
Callaway,FairwayWood,NEW RAZR HAWK,CLUB
Callaway,FairwayWood,Legacy,CLUB
Callaway,FairwayWood,Legacy II,CLUB
Callaway,FairwayWood,Legacy Black,CLUB
Callaway,FairwayWood,Legacy Purple,CLUB
Callaway,FairwayWood,New Legacy Black,CLUB
Callaway,FairwayWood,DIABLO OCTANE,CLUB
Callaway,FairwayWood,DIABLO EDGE,CLUB
Callaway,FairwayWood,FILLY,CLUB
Callaway,FairwayWood,FT Series,CLUB
Callaway,Utility,XR,CLUB
Callaway,Utility,XR PRO,CLUB
Callaway,Utility,X HOT,CLUB
Callaway,Utility,X HOT PRO,CLUB
Callaway,Utility,X2 HOT,CLUB
Callaway,Utility,X2 HOT PRO,CLUB
Callaway,Utility,Big Bertha,CLUB
Callaway,Utility,Big Bertha ALPHA 815,CLUB
Callaway,Utility,Big Bertha BETA,CLUB
Callaway,Utility,RAZR,CLUB
Callaway,Utility,RAZR X BLACK,CLUB
Callaway,Utility,RAZR X TOUR,CLUB
Callaway,Utility,RAZR X HL,CLUB
Callaway,Utility,RAZR FIT,CLUB
Callaway,Utility,RAZR FIT EXTREME,CLUB
Callaway,Utility,Legacy,CLUB
Callaway,Utility,Legacy II,CLUB
Callaway,Utility,Legacy Black,CLUB
Callaway,Utility,Legacy Purple,CLUB
Callaway,Utility,New Legacy Black,CLUB
Callaway,Utility,DIABLO OCTANE,CLUB
Callaway,Utility,DIABLO EDGE,CLUB
Callaway,Utility,FILLY,CLUB
Callaway,Utility,FT Series,CLUB
Callaway,Utility,APEX UT,CLUB
Callaway,Wedge,MACK DADDY PM,CLUB
Callaway,Wedge,MACK DADDY 2,CLUB
Callaway,Wedge,MACK DADDY 3,CLUB
Callaway,Wedge,MARXMAN X-ACT,CLUB
Callaway,Wedge,FORGED Series,CLUB
Callaway,Wedge,JAWS Series,CLUB
Callaway,Putter,WHITE HOT,CLUB
Callaway,Putter,WHITE HOT PRO,CLUB
Callaway,Putter,WHITE HOT XG,CLUB
Callaway,Putter,WHITE ICE,CLUB
Callaway,Putter,WHITE DAMASCUS,CLUB
Callaway,Putter,WHITE RIZE,CLUB
Callaway,Putter,FLIP FACE,CLUB
Callaway,Putter,WORKS VERSA Series,CLUB
Callaway,Putter,DUAL FORCE Series,CLUB
Callaway,Putter,METAL-X Series,CLUB
Callaway,Putter,BLACK Series,CLUB
Callaway,Putter,PROTOTYPE TOUR Series,CLUB
Bridgestone/Tourstage,Driver,J815,CLUB
Bridgestone/Tourstage,Driver,J715 B3,CLUB
Bridgestone/Tourstage,Driver,J715 B5,CLUB
Bridgestone/Tourstage,Driver,J615 CL,CLUB
Bridgestone/Tourstage,Driver,PHYZ,CLUB
Bridgestone/Tourstage,Driver,PHYZ II,CLUB
Bridgestone/Tourstage,Driver,PHYZ III,CLUB
Bridgestone/Tourstage,Driver,PHYZ III CL,CLUB
Bridgestone/Tourstage,Driver,PHYZ Premium,CLUB
Bridgestone/Tourstage,Driver,X-Drive GR,CLUB
Bridgestone/Tourstage,Driver,X-Drive 707,CLUB
Bridgestone/Tourstage,Driver,X-Drive 709 Limited,CLUB
Bridgestone/Tourstage,Driver,X-Drive 909,CLUB
Bridgestone/Tourstage,Driver,VIQ,CLUB
Bridgestone/Tourstage,Driver,VIQ CL,CLUB
Bridgestone/Tourstage,Driver,NEW VIQ,CLUB
Bridgestone/Tourstage,Driver,NEW VIQ CL,CLUB
Bridgestone/Tourstage,Driver,RAYGRANDE AD-11,CLUB
Bridgestone/Tourstage,Driver,J38,CLUB
Bridgestone/Tourstage,Driver,J40,CLUB
Bridgestone/Tourstage,Iron,J15 DPF,CLUB
Bridgestone/Tourstage,Iron,J15 DF,CLUB
Bridgestone/Tourstage,Iron,J15 CB,CLUB
Bridgestone/Tourstage,Iron,PHYZ III,CLUB
Bridgestone/Tourstage,Iron,V300 IV,CLUB
Bridgestone/Tourstage,Iron,V300 III,CLUB
Bridgestone/Tourstage,Iron,V300 II,CLUB
Bridgestone/Tourstage,Iron,V300,CLUB
Bridgestone/Tourstage,Iron,X-Blade GR,CLUB
Bridgestone/Tourstage,Iron,X-Blade GR Forged,CLUB
Bridgestone/Tourstage,Iron,X-Blade Limited,CLUB
Bridgestone/Tourstage,Iron,X-Blade 701,CLUB
Bridgestone/Tourstage,Iron,X-Blade 703,CLUB
Bridgestone/Tourstage,Iron,X-Blade 705,CLUB
Bridgestone/Tourstage,Iron,X-Blade 707,CLUB
Bridgestone/Tourstage,Iron,X-Blade 709,CLUB
Bridgestone/Tourstage,Iron,X-Blade 909,CLUB
Bridgestone/Tourstage,Iron,New X-Blade,CLUB
Bridgestone/Tourstage,Iron,New VIQ Forged,CLUB
Bridgestone/Tourstage,Iron,VIQ Forged,CLUB
Bridgestone/Tourstage,Iron,VIQ CL,CLUB
Bridgestone/Tourstage,Iron,V7000,CLUB
Bridgestone/Tourstage,Iron,V8000,CLUB
Bridgestone/Tourstage,FairwayWood,J15 F,CLUB
Bridgestone/Tourstage,FairwayWood,J615 CL,CLUB
Bridgestone/Tourstage,FairwayWood,X-FW,CLUB
Bridgestone/Tourstage,FairwayWood,X-FW GR,CLUB
Bridgestone/Tourstage,FairwayWood,X-FW Limited,CLUB
Bridgestone/Tourstage,FairwayWood,X-Drive GR,CLUB
Bridgestone/Tourstage,FairwayWood,New VIQ,CLUB
Bridgestone/Tourstage,FairwayWood,New VIQ CL,CLUB
Bridgestone/Tourstage,FairwayWood,VIQ,CLUB
Bridgestone/Tourstage,FairwayWood,VIQ CL,CLUB
Bridgestone/Tourstage,FairwayWood,PHYZ,CLUB
Bridgestone/Tourstage,FairwayWood,PHYZ CL,CLUB
Bridgestone/Tourstage,FairwayWood,PHYZ II,CLUB
Bridgestone/Tourstage,FairwayWood,PHYZ II CL,CLUB
Bridgestone/Tourstage,FairwayWood,PHYZ III,CLUB
Bridgestone/Tourstage,FairwayWood,PHYZ III CL,CLUB
Bridgestone/Tourstage,FairwayWood,RAYGRANDE AD-11,CLUB
Bridgestone/Tourstage,FairwayWood,J40,CLUB
Bridgestone/Tourstage,Utility,J15 HY,CLUB
Bridgestone/Tourstage,Utility,J615 CL,CLUB
Bridgestone/Tourstage,Utility,X-UT,CLUB
Bridgestone/Tourstage,Utility,X-UT GR,CLUB
Bridgestone/Tourstage,Utility,X-UT Limited,CLUB
Bridgestone/Tourstage,Utility,X-Drive GR,CLUB
Bridgestone/Tourstage,Utility,New VIQ,CLUB
Bridgestone/Tourstage,Utility,New VIQ CL,CLUB
Bridgestone/Tourstage,Utility,VIQ,CLUB
Bridgestone/Tourstage,Utility,VIQ CL,CLUB
Bridgestone/Tourstage,Utility,PHYZ,CLUB
Bridgestone/Tourstage,Utility,PHYZ CL,CLUB
Bridgestone/Tourstage,Utility,PHYZ II,CLUB
Bridgestone/Tourstage,Utility,PHYZ II CL,CLUB
Bridgestone/Tourstage,Utility,PHYZ III,CLUB
Bridgestone/Tourstage,Utility,PHYZ III CL,CLUB
Bridgestone/Tourstage,Utility,J40,CLUB
Bridgestone/Tourstage,Wedge,X-Wedge Forged,CLUB
Bridgestone/Tourstage,Wedge,M-Wedge Forged,CLUB
Bridgestone/Tourstage,Wedge,J40 Satin Chrome,CLUB
Bridgestone/Tourstage,Wedge,J40 Black Oxide,CLUB
Bridgestone/Tourstage,Putter,TD Series,CLUB
Bridgestone/Tourstage,Putter,Jr RED Series,CLUB
MIZUNO,Driver,JPX 850,CLUB
MIZUNO,Driver,JPX 825,CLUB
MIZUNO,Driver,JPX 800,CLUB
MIZUNO,Driver,JPX E650,CLUB
MIZUNO,Driver,JPX E600,CLUB
MIZUNO,Driver,JPX EZ,CLUB
MIZUNO,Driver,JPX EIII,CLUB
MIZUNO,Driver,MP-650,CLUB
MIZUNO,Driver,MP-630,CLUB
MIZUNO,Driver,MP-600,CLUB
MIZUNO,Driver,MP Craft,CLUB
MIZUNO,Driver,MX-700,CLUB
MIZUNO,Driver,MX-500,CLUB
MIZUNO,Driver,LA ROUGE,CLUB
MIZUNO,Driver,EFIL,CLUB
MIZUNO,Driver,T-ZOID RV,CLUB
MIZUNO,Driver,T-ZOID PLUS,CLUB
MIZUNO,Iron,JPX 850 Forged,CLUB
MIZUNO,Iron,JPX 825 Plus Forged,CLUB
MIZUNO,Iron,JPX EIII Forged,CLUB
MIZUNO,Iron,JPX DZIII Forged,CLUB
MIZUNO,Iron,JPX EZ Forged,CLUB
MIZUNO,Iron,MP-4,CLUB
MIZUNO,Iron,MP-15,CLUB
MIZUNO,Iron,MP-30,CLUB
MIZUNO,Iron,MP-32,CLUB
MIZUNO,Iron,MP-33,CLUB
MIZUNO,Iron,MP-37,CLUB
MIZUNO,Iron,MP-52,CLUB
MIZUNO,Iron,MP-53,CLUB
MIZUNO,Iron,MP-54,CLUB
MIZUNO,Iron,MP-57,CLUB
MIZUNO,Iron,MP-59,CLUB
MIZUNO,Iron,MP-60,CLUB
MIZUNO,Iron,MP-62,CLUB
MIZUNO,Iron,MP-63,CLUB
MIZUNO,Iron,MP-64,CLUB
MIZUNO,Iron,MP-67,CLUB
MIZUNO,Iron,MP-68,CLUB
MIZUNO,Iron,MP H4 Forged,CLUB
MIZUNO,Iron,JPX 825 Forged XD,CLUB
MIZUNO,Iron,JPX 825 Pro,CLUB
MIZUNO,Iron,JPX 825 Forged,CLUB
MIZUNO,Iron,JPX 825,CLUB
MIZUNO,Iron,JPX 800 AD Forged,CLUB
MIZUNO,Iron,JPX 800 Forged,CLUB
MIZUNO,Iron,JPX 800 HD,CLUB
MIZUNO,Iron,MX-300,CLUB
MIZUNO,Iron,MX-200,CLUB
MIZUNO,Iron,MX-100,CLUB
MIZUNO,Iron,LA ROUGE,CLUB
MIZUNO,Iron,EFIL,CLUB
MIZUNO,Iron,MX-15,CLUB
MIZUNO,Iron,MX-17,CLUB
MIZUNO,Iron,MX-19,CLUB
MIZUNO,Iron,MX-23,CLUB
MIZUNO,Iron,MX-25,CLUB
MIZUNO,Iron,T-ZOID RV,CLUB
MIZUNO,Iron,T-ZOID PLUS,CLUB
MIZUNO,FairwayWood,JPX 850,CLUB
MIZUNO,FairwayWood,JPX 825,CLUB
MIZUNO,FairwayWood,JPX 800,CLUB
MIZUNO,FairwayWood,JPX EZ,CLUB
MIZUNO,FairwayWood,JPX EIII,CLUB
MIZUNO,FairwayWood,MX-700,CLUB
MIZUNO,FairwayWood,MP-650,CLUB
MIZUNO,FairwayWood,LA ROUGE,CLUB
MIZUNO,FairwayWood,EFIL,CLUB
MIZUNO,FairwayWood,T-ZOID RV,CLUB
MIZUNO,FairwayWood,T-ZOID PLUS,CLUB
MIZUNO,Utility,JPX 850,CLUB
MIZUNO,Utility,JPX 825,CLUB
MIZUNO,Utility,JPX 800,CLUB
MIZUNO,Utility,JPX EZ,CLUB
MIZUNO,Utility,JPX EIII,CLUB
MIZUNO,Utility,MX-700,CLUB
MIZUNO,Utility,MP-650,CLUB
MIZUNO,Utility,LA ROUGE,CLUB
MIZUNO,Utility,EFIL,CLUB
MIZUNO,Utility,T-ZOID RV,CLUB
MIZUNO,Utility,T-ZOID PLUS,CLUB
MIZUNO,Wedge,JPX 850 Forged,CLUB
MIZUNO,Wedge,JPX 825 Forged,CLUB
MIZUNO,Wedge,JPX 800 Forged,CLUB
MIZUNO,Wedge,JPX EZ Forged,CLUB
MIZUNO,Wedge,JPX EIII Forged,CLUB
MIZUNO,Wedge,JPX S2,CLUB
MIZUNO,Wedge,MP-T5,CLUB
MIZUNO,Wedge,MP-T4,CLUB
MIZUNO,Wedge,MP-T11,CLUB
MIZUNO,Wedge,MP-R12,CLUB
MIZUNO,Wedge,T-ZOID RV-02,CLUB
MIZUNO,Putter,MP-A301,CLUB
MIZUNO,Putter,MP-A302,CLUB
MIZUNO,Putter,MP-A303,CLUB
MIZUNO,Putter,MP-A304,CLUB
MIZUNO,Putter,MP-A306,CLUB
MIZUNO,Putter,MP-T2,CLUB
MIZUNO,Putter,QB-1,CLUB
MIZUNO,Putter,T-ZOID PLUS,CLUB
MIZUNO,Putter,EFIL,CLUB
PING,Driver,G2,CLUB
PING,Driver,G5,CLUB
PING,Driver,G10,CLUB
PING,Driver,G15,CLUB
PING,Driver,G20,CLUB
PING,Driver,G25,CLUB
PING,Driver,G30,CLUB
PING,Driver,i15,CLUB
PING,Driver,i20,CLUB
PING,Driver,i25,CLUB
PING,Driver,K15,CLUB
PING,Driver,Rhapsody,CLUB
PING,Driver,New Rhapsody,CLUB
PING,Driver,Rapture,CLUB
PING,Driver,Rapture V2,CLUB
PING,Driver,ANSER,CLUB
PING,Driver,SERENE,CLUB
PING,Driver,FAITH,CLUB
PING,Iron,G2,CLUB
PING,Iron,G5,CLUB
PING,Iron,G10,CLUB
PING,Iron,G15,CLUB
PING,Iron,G20,CLUB
PING,Iron,G25,CLUB
PING,Iron,G30,CLUB
PING,Iron,i3,CLUB
PING,Iron,i5,CLUB
PING,Iron,i10,CLUB
PING,Iron,i15,CLUB
PING,Iron,i20,CLUB
PING,Iron,i25,CLUB
PING,Iron,K15,CLUB
PING,Iron,S55,CLUB
PING,Iron,S56,CLUB
PING,Iron,S57,CLUB
PING,Iron,S58,CLUB
PING,Iron,ZING,CLUB
PING,Iron,ZING2,CLUB
PING,Iron,Rhapsody,CLUB
PING,Iron,New Rhapsody,CLUB
PING,Iron,Rapture,CLUB
PING,Iron,Rapture V2,CLUB
PING,Iron,EYE2,CLUB
PING,Iron,ANSER,CLUB
PING,Iron,SERENE,CLUB
PING,Iron,FAITH,CLUB
PING,Iron,S55,CLUB
PING,Iron,S56,CLUB
PING,Iron,S57,CLUB
PING,Iron,S58,CLUB
PING,FairwayWood,G2,CLUB
PING,FairwayWood,G5,CLUB
PING,FairwayWood,G10,CLUB
PING,FairwayWood,G15,CLUB
PING,FairwayWood,G20,CLUB
PING,FairwayWood,G25,CLUB
PING,FairwayWood,G30,CLUB
PING,FairwayWood,i15,CLUB
PING,FairwayWood,i20,CLUB
PING,FairwayWood,i25,CLUB
PING,FairwayWood,K15,CLUB
PING,FairwayWood,Rhapsody,CLUB
PING,FairwayWood,New Rhapsody,CLUB
PING,FairwayWood,Rapture,CLUB
PING,FairwayWood,Rapture V2,CLUB
PING,FairwayWood,ANSER,CLUB
PING,FairwayWood,SERENE,CLUB
PING,FairwayWood,FAITH,CLUB
PING,Utility,G2,CLUB
PING,Utility,G5,CLUB
PING,Utility,G10,CLUB
PING,Utility,G15,CLUB
PING,Utility,G20,CLUB
PING,Utility,G25,CLUB
PING,Utility,G30,CLUB
PING,Utility,i15,CLUB
PING,Utility,i20,CLUB
PING,Utility,i25,CLUB
PING,Utility,K15,CLUB
PING,Utility,Rhapsody,CLUB
PING,Utility,New Rhapsody,CLUB
PING,Utility,Rapture,CLUB
PING,Utility,Rapture V2,CLUB
PING,Utility,ANSER,CLUB
PING,Utility,SERENE,CLUB
PING,Utility,FAITH,CLUB
PING,Wedge,TOUR-S,CLUB
PING,Wedge,TOUR-W,CLUB
PING,Wedge,ANSER,CLUB
PING,Wedge,GLIDE,CLUB
PING,Wedge,GORGE TOUR,CLUB
PING,Putter,ANSER Series,CLUB
PING,Putter,ANSER 2 Series,CLUB
PING,Putter,NEW ANSER Series,CLUB
PING,Putter,SCOTTSDALE TR Series,CLUB
PING,Putter,KARSTEN TR Series,CLUB
PING,Putter,CADENCE TR Series,CLUB
PING,Putter,Rhapsody Series,CLUB
PING,Putter,New Rhapsody Series,CLUB
PING,Putter,SERENE Series,CLUB
PING,Putter,REDWOOD Series,CLUB
PING,Putter,i Series,CLUB
PING,Putter,G5i,CLUB
NIKE,Driver,Vapor Speed,CLUB
NIKE,Driver,Vapor Speed Pro,CLUB
NIKE,Driver,Vapor Flex,CLUB
NIKE,Driver,VRS Covert 2.0,CLUB
NIKE,Driver,VRS Covert 2.0 Tour,CLUB
NIKE,Driver,VR-S Covert,CLUB
NIKE,Driver,VR-S Covert Tour,CLUB
NIKE,Driver,SQ SUMO,CLUB
NIKE,Driver,SQ DYMO,CLUB
NIKE,Driver,Slingshot,CLUB
NIKE,Driver,Ignite,CLUB
NIKE,Iron,Vapor Speed,CLUB
NIKE,Iron,Vapor Procombo Forged,CLUB
NIKE,Iron,Vapor Pro Forged,CLUB
NIKE,Iron,VR Pro,CLUB
NIKE,Iron,VR Procombo Forged,CLUB
NIKE,Iron,VR II Pro,CLUB
NIKE,Iron,VR II Pro blade,CLUB
NIKE,Iron,VR Procombo,CLUB
NIKE,Iron,VR_S Covert Forged,CLUB
NIKE,Iron,VR_S Covert 2.0 Forged,CLUB
NIKE,Iron,NEW SQ Machspeed Forged,CLUB
NIKE,Iron,Slingshot,CLUB
NIKE,FairwayWood,Vapor Speed,CLUB
NIKE,FairwayWood,Vapor Flex,CLUB
NIKE,FairwayWood,VRS Covert 2.0,CLUB
NIKE,FairwayWood,VRS Covert 2.0 Tour,CLUB
NIKE,FairwayWood,VR_S Covert,CLUB
NIKE,FairwayWood,VR_S Covert 2.0,CLUB
NIKE,FairwayWood,VR_S,CLUB
NIKE,FairwayWood,VR II Pro,CLUB
NIKE,FairwayWood,SQ SUMO,CLUB
NIKE,FairwayWood,SQ DYMO,CLUB
NIKE,FairwayWood,SQ Machspeed,CLUB
NIKE,FairwayWood,Slingshot,CLUB
NIKE,Utility,Vapor,CLUB
NIKE,Utility,VR_S Covert,CLUB
NIKE,Utility,VR_S Covert 2.0,CLUB
NIKE,Utility,SQ SUMO,CLUB
NIKE,Wedge,VR X3X,CLUB
NIKE,Wedge,ENGAGE,CLUB
NIKE,Wedge,VR Forged,CLUB
NIKE,Wedge,VR Pro Forged,CLUB
NIKE,Wedge,VR-REV,CLUB
NIKE,Wedge,SV,CLUB
NIKE,Putter,METHOD MATTER,CLUB
NIKE,Putter,METHOD CORE,CLUB
NIKE,Putter,METHOD CORE DRONE,CLUB
NIKE,Putter,METHOD MOD,CLUB
NIKE,Putter,METHOD MILLED,CLUB
NIKE,Putter,CONVERGE,CLUB
NIKE,Putter,Slingshot,CLUB
Daiwa,Driver,GIII 1,CLUB
Daiwa,Driver,GIII 460HR,CLUB
Daiwa,Driver,GIII Signature,CLUB
Daiwa,Driver,GIII Signature II,CLUB
Daiwa,Driver,GIII Platinum,CLUB
Daiwa,Driver,GIII 50th,CLUB
Daiwa,Driver,ONOFF 455,CLUB
Daiwa,Driver,ONOFF LP-412,CLUB
Daiwa,Driver,ONOFF LP-414,CLUB
Daiwa,Driver,ONOFF MP-513,CLUB
Daiwa,Driver,ONOFF MP-514,CLUB
Daiwa,Driver,ONOFF MP-515,CLUB
Daiwa,Driver,ONOFF MP-610,CLUB
Daiwa,Driver,ONOFF MP-615,CLUB
Daiwa,Driver,ONOFF 46P,CLUB
Daiwa,Driver,ONOFF AKA,CLUB
Daiwa,Driver,CP-L200,CLUB
Daiwa,Driver,Royal Brougham,CLUB
Daiwa,Driver,JPD,CLUB
Daiwa,Driver,NEW JPD Premium,CLUB
Daiwa,Driver,GT-IMPACT,CLUB
Daiwa,Driver,D-Stage X-10,CLUB
Daiwa,Driver,Royal X Light,CLUB
Daiwa,Iron,RED,CLUB
Daiwa,Iron,GIII Silver,CLUB
Daiwa,Iron,GIII Signature,CLUB
Daiwa,Iron,GIII Signature II,CLUB
Daiwa,Iron,GIII RCG-III,CLUB
Daiwa,Iron,GIII RCG-IV,CLUB
Daiwa,Iron,GIII GR-1,CLUB
Daiwa,Iron,GIII Bellona,CLUB
Daiwa,Iron,ONOFF 713,CLUB
Daiwa,Iron,ONOFF LP-408,CLUB
Daiwa,Iron,ONOFF LP-410,CLUB
Daiwa,Iron,ONOFF LP-412,CLUB
Daiwa,Iron,ONOFF LP-414,CLUB
Daiwa,Iron,ONOFF MP-510,CLUB
Daiwa,Iron,ONOFF MP-512,CLUB
Daiwa,Iron,ONOFF MP-514,CLUB
Daiwa,Iron,ONOFF Forged,CLUB
Daiwa,Iron,D-Stage X-10 Light,CLUB
Daiwa,Iron,D-Stage X-10 Premium,CLUB
Daiwa,Iron,Royal Brougham,CLUB
Daiwa,Iron,Royal Brougham Deluxe,CLUB
Daiwa,Iron,ULTRA JPD,CLUB
Daiwa,FairwayWood,RED,CLUB
Daiwa,FairwayWood,GIII Silver,CLUB
Daiwa,FairwayWood,GIII Signature,CLUB
Daiwa,FairwayWood,GIII Signature II,CLUB
Daiwa,FairwayWood,Royal-X,CLUB
Daiwa,FairwayWood,ONOFF LP-408,CLUB
Daiwa,FairwayWood,ONOFF LP-410,CLUB
Daiwa,FairwayWood,ONOFF LP-414,CLUB
Daiwa,FairwayWood,ONOFF MP-512,CLUB
Daiwa,FairwayWood,ONOFF MP-514,CLUB
Daiwa,FairwayWood,JASPHE ROSE,CLUB
Daiwa,FairwayWood,CP-L200,CLUB
Daiwa,FairwayWood,LP-L200,CLUB
Daiwa,FairwayWood,Royal X Light,CLUB
Daiwa,FairwayWood,X-MODEL,CLUB
Daiwa,FairwayWood,GT IMPACT,CLUB
Daiwa,FairwayWood,DF SEVEN,CLUB
Daiwa,FairwayWood,Royal Brougham,CLUB
Daiwa,FairwayWood,JPD,CLUB
Daiwa,FairwayWood,D-Stage X-10,CLUB
Daiwa,Utility,RED,CLUB
Daiwa,Utility,GIII Silver,CLUB
Daiwa,Utility,GIII Signature,CLUB
Daiwa,Utility,GIII Signature II,CLUB
Daiwa,Utility,ONOFF LP-408,CLUB
Daiwa,Utility,ONOFF LP-410,CLUB
Daiwa,Utility,ONOFF LP-412,CLUB
Daiwa,Utility,ONOFF LP-414,CLUB
Daiwa,Utility,ONOFF MP-510,CLUB
Daiwa,Utility,ONOFF MP-512,CLUB
Daiwa,Utility,ONOFF MP-514,CLUB
Daiwa,Utility,ONOFF MP-715,CLUB
Daiwa,Utility,Royal UT-II,CLUB
Daiwa,Utility,Royal UT-10,CLUB
Daiwa,Utility,DF SEVEN,CLUB
Daiwa,Putter,EQ-1,CLUB
Daiwa,Putter,Royal X,CLUB
Daiwa,Putter,CP-L200,CLUB
XXIO,Driver,XXIO Forged(2015),CLUB
XXIO,Driver,XXIO Prime Royal Edition,CLUB
XXIO,Driver,XXIO 6,CLUB
XXIO,Driver,XXIO 7,CLUB
XXIO,Driver,XXIO 8,CLUB
XXIO,Driver,XXIO Prime,CLUB
XXIO,Driver,XXIO Forged,CLUB
XXIO,Iron,XXIO Forged(2015),CLUB
XXIO,Iron,XXIO Forged5(2015),CLUB
XXIO,Iron,XXIO 6,CLUB
XXIO,Iron,XXIO 7,CLUB
XXIO,Iron,XXIO 8,CLUB
XXIO,Iron,XXIO Forged CB,CLUB
XXIO,Iron,XXIO Prime,CLUB
XXIO,Iron,XXIO Forged,CLUB
XXIO,Iron,XXIO Forged4,CLUB
XXIO,FairwayWood,XXIO Prime Royal Edition,CLUB
XXIO,FairwayWood,XXIO 6,CLUB
XXIO,FairwayWood,XXIO 7,CLUB
XXIO,FairwayWood,XXIO 8,CLUB
XXIO,FairwayWood,XXIO Prime,CLUB
XXIO,FairwayWood,XXIO Forged,CLUB
XXIO,FairwayWood,XXIO Forged4,CLUB
XXIO,Utility,XXIO Prime Royal Edition,CLUB
XXIO,Utility,XXIO 6,CLUB
XXIO,Utility,XXIO 7,CLUB
XXIO,Utility,XXIO 8,CLUB
XXIO,Utility,XXIO Prime,CLUB
XXIO,Utility,XXIO Forged,CLUB
XXIO,Utility,XXIO Forged4,CLUB
XXIO,Wedge,CR,CLUB
XXIO,Putter,XXIO Mallet ,CLUB
Titleist/Scotty Cameron,Driver,915 D2,CLUB
Titleist/Scotty Cameron,Driver,915 D3,CLUB
Titleist/Scotty Cameron,Driver,913 D2,CLUB
Titleist/Scotty Cameron,Driver,913 D3,CLUB
Titleist/Scotty Cameron,Driver,910 D2,CLUB
Titleist/Scotty Cameron,Driver,910 D3,CLUB
Titleist/Scotty Cameron,Driver,909 D2,CLUB
Titleist/Scotty Cameron,Driver,909 D3,CLUB
Titleist/Scotty Cameron,Driver,909 D COMP,CLUB
Titleist/Scotty Cameron,Driver,907 D1,CLUB
Titleist/Scotty Cameron,Driver,907 D2,CLUB
Titleist/Scotty Cameron,Driver,905T,CLUB
Titleist/Scotty Cameron,Driver,905R,CLUB
Titleist/Scotty Cameron,Driver,905S,CLUB
Titleist/Scotty Cameron,Driver,975D,CLUB
Titleist/Scotty Cameron,Driver,975J,CLUB
Titleist/Scotty Cameron,Driver,983K,CLUB
Titleist/Scotty Cameron,Driver,VG3,CLUB
Titleist/Scotty Cameron,Iron,714 MB Forged,CLUB
Titleist/Scotty Cameron,Iron,714 CB Forged,CLUB
Titleist/Scotty Cameron,Iron,714 AP-1 Forged,CLUB
Titleist/Scotty Cameron,Iron,714 AP-2 Forged,CLUB
Titleist/Scotty Cameron,Iron,712 MB Forged,CLUB
Titleist/Scotty Cameron,Iron,712 CB Forged,CLUB
Titleist/Scotty Cameron,Iron,712 AP-1 Forged,CLUB
Titleist/Scotty Cameron,Iron,712 AP-2 Forged,CLUB
Titleist/Scotty Cameron,Iron,710 MB Forged,CLUB
Titleist/Scotty Cameron,Iron,710 CB Forged,CLUB
Titleist/Scotty Cameron,Iron,710 AP-1 Forged,CLUB
Titleist/Scotty Cameron,Iron,710 AP-2 Forged,CLUB
Titleist/Scotty Cameron,Iron,VG3,CLUB
Titleist/Scotty Cameron,Iron,NEW VG3,CLUB
Titleist/Scotty Cameron,Iron,ZM Forged,CLUB
Titleist/Scotty Cameron,Iron,ZB Forged,CLUB
Titleist/Scotty Cameron,Iron,695 MB,CLUB
Titleist/Scotty Cameron,Iron,695 CB,CLUB
Titleist/Scotty Cameron,Iron,735 MB,CLUB
Titleist/Scotty Cameron,Iron,735 CB,CLUB
Titleist/Scotty Cameron,FairwayWood,915F,CLUB
Titleist/Scotty Cameron,FairwayWood,915FD,CLUB
Titleist/Scotty Cameron,FairwayWood,913F,CLUB
Titleist/Scotty Cameron,FairwayWood,913FD,CLUB
Titleist/Scotty Cameron,FairwayWood,910F,CLUB
Titleist/Scotty Cameron,FairwayWood,910FD,CLUB
Titleist/Scotty Cameron,FairwayWood,909F2,CLUB
Titleist/Scotty Cameron,FairwayWood,909 Series,CLUB
Titleist/Scotty Cameron,FairwayWood,906 Series,CLUB
Titleist/Scotty Cameron,FairwayWood,904 Series,CLUB
Titleist/Scotty Cameron,FairwayWood,VG3,CLUB
Titleist/Scotty Cameron,Utility,915H,CLUB
Titleist/Scotty Cameron,Utility,915HD,CLUB
Titleist/Scotty Cameron,Utility,913H,CLUB
Titleist/Scotty Cameron,Utility,910H,CLUB
Titleist/Scotty Cameron,Utility,909H,CLUB
Titleist/Scotty Cameron,Utility,712U,CLUB
Titleist/Scotty Cameron,Utility,VG3,CLUB
Titleist/Scotty Cameron,Wedge,Vokey ,CLUB
Titleist/Scotty Cameron,Wedge,Vokey Spin Milled,CLUB
Titleist/Scotty Cameron,Wedge,Vokey SM4 Series,CLUB
Titleist/Scotty Cameron,Wedge,Vokey SM5 Series,CLUB
Titleist/Scotty Cameron,Wedge,Vokey Cold Forged,CLUB
Titleist/Scotty Cameron,Putter,Studio Select Newport 2,CLUB
Titleist/Scotty Cameron,Putter,Studio Select Newport 2.5,CLUB
Titleist/Scotty Cameron,Putter,Studio Select Squareback 1,CLUB
Titleist/Scotty Cameron,Putter,Studio Select Kombi,CLUB
Titleist/Scotty Cameron,Putter,Detour,CLUB
Titleist/Scotty Cameron,Putter,Detour Newport,CLUB
Titleist/Scotty Cameron,Putter,CIRGA 62 No.5,CLUB
Titleist/Scotty Cameron,Putter,Califonia Monterey 1.5,CLUB
Titleist/Scotty Cameron,Putter,Califonia Del Mar,CLUB
Titleist/Scotty Cameron,Putter,Califonia Fastback,CLUB
Titleist/Scotty Cameron,Putter,Select GOLO Series,CLUB
Titleist/Scotty Cameron,Putter,Califonia Hollywood,CLUB
Titleist/Scotty Cameron,Putter,Pro Platinum Newport 2,CLUB
Titleist/Scotty Cameron,Putter,Pro Platinum Laguna 2,CLUB
Titleist/Scotty Cameron,Putter,Pro Platinum Laguna Mid Slant,CLUB
Titleist/Scotty Cameron,Putter,Pro Platinum Coronado Mid Slant,CLUB
Titleist/Scotty Cameron,Putter,Studio Stainless Mid Sur,CLUB
Titleist/Scotty Cameron,Putter,Studio Stainless Newport,CLUB
Titleist/Scotty Cameron,Putter,Studio Stainless Newport Beach,CLUB
Titleist/Scotty Cameron,Putter,Teryllium Two Santa Fe,CLUB
Titleist/Scotty Cameron,Putter,Teryllium Two Newport Mid,CLUB
Titleist/Scotty Cameron,Putter,Red X,CLUB
Titleist/Scotty Cameron,Putter,Red X Mid,CLUB
Titleist/Scotty Cameron,Putter,Studio Style Newport 2.5,CLUB
Titleist/Scotty Cameron,Putter,Studio Style Newport Mid,CLUB
Titleist/Scotty Cameron,Putter,Studio Design 1,CLUB
Titleist/Scotty Cameron,Putter,Studio Design 2,CLUB
Titleist/Scotty Cameron,Putter,Studio Design 2.5,CLUB
Titleist/Scotty Cameron,Putter,Studio Design 3.5,CLUB
Titleist/Scotty Cameron,Putter,Studio Design 5,CLUB
Titleist/Scotty Cameron,Putter,Futura X,CLUB
Titleist/Scotty Cameron,Putter,Futura Futura,CLUB
Titleist/Scotty Cameron,Putter,Futura Phantom Mallet 2,CLUB
Titleist/Scotty Cameron,Putter,Tour BBC Prototype,CLUB
Titleist/Scotty Cameron,Putter,Circle T,CLUB
Titleist/Scotty Cameron,Putter,My Girl Series(Limited),CLUB
Titleist/Scotty Cameron,Putter,Catalina Classic(Limited),CLUB
Titleist/Scotty Cameron,Putter,Button Back Newport 2(Limited),CLUB
Titleist/Scotty Cameron,Putter,Inspired by Sergio Garcia(Limited),CLUB
Titleist/Scotty Cameron,Putter,Futura Holiday(Limited),CLUB
Titleist/Scotty Cameron,Putter,Holiday Collection(Limited),CLUB
Titleist/Scotty Cameron,Putter,Jet Setter H-12(Limited),CLUB
SRIXON,Driver,Z355,CLUB
SRIXON,Driver,Z945,CLUB
SRIXON,Driver,Z925,CLUB
SRIXON,Driver,Z745,CLUB
SRIXON,Driver,Z725,CLUB
SRIXON,Driver,Z545,CLUB
SRIXON,Driver,Z525,CLUB
SRIXON,Driver,Z-TX,CLUB
SRIXON,Driver,New Z-TX,CLUB
SRIXON,Driver,New Z-TX TOUR,CLUB
SRIXON,Driver,ZR-600,CLUB
SRIXON,Driver,ZR-700,CLUB
SRIXON,Driver,ZR-800,CLUB
SRIXON,Driver,W-403,CLUB
SRIXON,Driver,W-404,CLUB
SRIXON,Driver,W-505,CLUB
SRIXON,Driver,W-506,CLUB
SRIXON,Driver,GIE,CLUB
SRIXON,Iron,Z355,CLUB
SRIXON,Iron,Z945 Black gold,CLUB
SRIXON,Iron,Z745 Black gold,CLUB
SRIXON,Iron,Z545 Black gold,CLUB
SRIXON,Iron,Z945,CLUB
SRIXON,Iron,Z925,CLUB
SRIXON,Iron,Z745,CLUB
SRIXON,Iron,Z725,CLUB
SRIXON,Iron,Z545,CLUB
SRIXON,Iron,Z525,CLUB
SRIXON,Iron,Z-TX,CLUB
SRIXON,Iron,New Z-TX,CLUB
SRIXON,Iron,New Z-TX TOUR,CLUB
SRIXON,Iron,ZR-600 Forged,CLUB
SRIXON,Iron,ZR-700 Forged,CLUB
SRIXON,Iron,ZR-800 Forged,CLUB
SRIXON,Iron,ZR-30 Forged,CLUB
SRIXON,Iron,i-403,CLUB
SRIXON,Iron,i-404,CLUB
SRIXON,Iron,i-505,CLUB
SRIXON,Iron,i-506,CLUB
SRIXON,Iron,i-701,CLUB
SRIXON,Iron,WR,CLUB
SRIXON,Iron,GIE,CLUB
SRIXON,FairwayWood,Z355,CLUB
SRIXON,FairwayWood,Z F45 TOUR,CLUB
SRIXON,FairwayWood,Z F45,CLUB
SRIXON,FairwayWood,Z725,CLUB
SRIXON,FairwayWood,Z525,CLUB
SRIXON,FairwayWood,Z-TX,CLUB
SRIXON,FairwayWood,New Z-TX,CLUB
SRIXON,FairwayWood,Z-STAR,CLUB
SRIXON,FairwayWood,Z-STEEL,CLUB
SRIXON,FairwayWood,Amica,CLUB
SRIXON,FairwayWood,WR,CLUB
SRIXON,FairwayWood,W-302,CLUB
SRIXON,FairwayWood,W-403,CLUB
SRIXON,Utility,Z355,CLUB
SRIXON,Utility,Z U45,CLUB
SRIXON,Utility,Z H45,CLUB
SRIXON,Utility,Z H45 TOUR,CLUB
SRIXON,Utility,Z UTI,CLUB
SRIXON,Utility,GIE,CLUB
SRIXON,Wedge,WG 706,CLUB
SRIXON,Wedge,WG 504,CLUB
SRIXON,Wedge,WG 202,CLUB
SRIXON,Putter,P-409,CLUB
SRIXON,Putter,P-513,CLUB
SRIXON,Putter,P-514,CLUB
Cleveland,Driver,588 CUSTOM,CLUB
Cleveland,Driver,588 ALTITUDE,CLUB
Cleveland,Driver,CLASSIC 270,CLUB
Cleveland,Driver,CLASSIC 285,CLUB
Cleveland,Driver,CLASSIC 290,CLUB
Cleveland,Driver,CLASSIC XL,CLUB
Cleveland,Driver,CLASSIC XL CUSTOM,CLUB
Cleveland,Driver,CLASSIC TOUR,CLUB
Cleveland,Driver,CG BLACK 2,CLUB
Cleveland,Driver,LAUNCHER XL270,CLUB
Cleveland,Driver,LAUNCHER SL290,CLUB
Cleveland,Driver,LAUNCHER TL310,CLUB
Cleveland,Driver,LAUNCHER VK460,CLUB
Cleveland,Driver,LAUNCHER DST,CLUB
Cleveland,Driver,HI BORE,CLUB
Cleveland,Driver,HI BORE XL,CLUB
Cleveland,Driver,HI BORE XLS,CLUB
Cleveland,Iron,CG BLACK,CLUB
Cleveland,Iron,CG BLACK Forged,CLUB
Cleveland,Iron,CG BLACK 2,CLUB
Cleveland,Iron,CG BLACK 2 Forged,CLUB
Cleveland,Iron,CG 7 BLACK PEARL,CLUB
Cleveland,Iron,CG 16 BLACK PEARL JV,CLUB
Cleveland,Iron,CG 588 CB Forged,CLUB
Cleveland,Iron,CG 588 MB Forged,CLUB
Cleveland,Iron,CG GOLD,CLUB
Cleveland,Iron,LAUNCHER VK,CLUB
Cleveland,Iron,LAUNCHER VK II,CLUB
Cleveland,Iron,588TT,CLUB
Cleveland,Iron,MASHIE COMBO,CLUB
Cleveland,FairwayWood,CG BLACK,CLUB
Cleveland,FairwayWood,CG BLACK 2,CLUB
Cleveland,FairwayWood,CLASSIC XL,CLUB
Cleveland,FairwayWood,LAUNCHER FL,CLUB
Cleveland,FairwayWood,LAUNCHER DST,CLUB
Cleveland,FairwayWood,588,CLUB
Cleveland,FairwayWood,MASHIE,CLUB
Cleveland,FairwayWood,HI BORE,CLUB
Cleveland,FairwayWood,HI BORE XLS,CLUB
Cleveland,Utility,CG BLACK,CLUB
Cleveland,Utility,CG BLACK 2,CLUB
Cleveland,Utility,CLASSIC XL,CLUB
Cleveland,Utility,LAUNCHER FL,CLUB
Cleveland,Utility,LAUNCHER DST,CLUB
Cleveland,Utility,588,CLUB
Cleveland,Utility,MASHIE,CLUB
Cleveland,Utility,MASHIE II,CLUB
Cleveland,Utility,HALO,CLUB
Cleveland,Wedge,588 RTX Series,CLUB
Cleveland,Wedge,588 REG Series,CLUB
Cleveland,Wedge,CG10 Series,CLUB
Cleveland,Wedge,CG11 Series,CLUB
Cleveland,Wedge,CG12 Series,CLUB
Cleveland,Wedge,CG13 Series,CLUB
Cleveland,Wedge,CG14 Series,CLUB
Cleveland,Wedge,CG15 Series,CLUB
Cleveland,Wedge,CG16 Series,CLUB
Cleveland,Wedge,CG17 Series,CLUB
Cleveland,Wedge,Smart Sole,CLUB
Cleveland,Putter,VP Series,CLUB
Cleveland,Putter,VP Milled Series,CLUB
Cleveland,Putter,VP 2 Series,CLUB
Cleveland,Putter,Classic Collection HB Series,CLUB
Cleveland,Putter,Smart Square,CLUB
Cobra,Driver,FLY-Z,CLUB
Cobra,Driver,FLY-Z PLUS,CLUB
Cobra,Driver,FLY-Z XL,CLUB
Cobra,Driver,BIO CELL,CLUB
Cobra,Driver,BIO CELL PLUS,CLUB
Cobra,Driver,AMP CELL,CLUB
Cobra,Driver,AMP CELL S,CLUB
Cobra,Driver,AMP CELL PRO,CLUB
Cobra,Driver,AMP CELL OFFSET,CLUB
Cobra,Driver,AMP Special Edition,CLUB
Cobra,Driver,ZL Encore Black,CLUB
Cobra,Driver,ZL Encore White,CLUB
Cobra,Driver,ZL Encore Red,CLUB
Cobra,Driver,S2,CLUB
Cobra,Driver,S3,CLUB
Cobra,Driver,LONG TOM BLACK,CLUB
Cobra,Driver,F-Speed,CLUB
Cobra,Driver,S9-1,CLUB
Cobra,Driver,S9-1 PRO,CLUB
Cobra,Iron,FLY-Z,CLUB
Cobra,Iron,FLY-Z PLUS,CLUB
Cobra,Iron,FLY-Z PRO,CLUB
Cobra,Iron,BIO CELL,CLUB
Cobra,Iron,BIO CELL PLUS,CLUB
Cobra,Iron,AMP CELL,CLUB
Cobra,Iron,AMP CELL PRO,CLUB
Cobra,Iron,BAFFLER XL,CLUB
Cobra,Iron,S2,CLUB
Cobra,Iron,S2 PRO,CLUB
Cobra,Iron,S3,CLUB
Cobra,Iron,S3 PRO,CLUB
Cobra,Iron,FP,CLUB
Cobra,FairwayWood,FLY-Z,CLUB
Cobra,FairwayWood,FLY-Z PLUS,CLUB
Cobra,FairwayWood,FLY-Z XL,CLUB
Cobra,FairwayWood,BIO CELL,CLUB
Cobra,FairwayWood,BIO CELL PLUS,CLUB
Cobra,FairwayWood,AMP CELL,CLUB
Cobra,FairwayWood,BAFFLER XL,CLUB
Cobra,FairwayWood,BAFFLER T-RAIL,CLUB
Cobra,FairwayWood,S2,CLUB
Cobra,FairwayWood,S3,CLUB
Cobra,FairwayWood,S9-1,CLUB
Cobra,FairwayWood,F-Speed,CLUB
Cobra,Utility,FLY-Z,CLUB
Cobra,Utility,FLY-Z PLUS,CLUB
Cobra,Utility,FLY-Z XL,CLUB
Cobra,Utility,BIO CELL,CLUB
Cobra,Utility,BIO CELL PLUS,CLUB
Cobra,Utility,AMP CELL,CLUB
Cobra,Utility,BAFFLER XL,CLUB
Cobra,Utility,BAFFLER T-RAIL,CLUB
Cobra,Utility,NEW BAFFLER T-RAIL,CLUB
Cobra,Wedge,TOUR TRUSTY,CLUB
Cobra,Wedge,TRUSTY RUSTY,CLUB
YAMAHA,Driver,INPRES D,CLUB
YAMAHA,Driver,INPRES G,CLUB
YAMAHA,Driver,INPRES V,CLUB
YAMAHA,Driver,INPRES X RMX 01(2013),CLUB
YAMAHA,Driver,INPRES X RMX 02(2013),CLUB
YAMAHA,Driver,INPRES X RMX TOUR(2013),CLUB
YAMAHA,Driver,INPRES X RMX 01(2014),CLUB
YAMAHA,Driver,INPRES X RMX 02(2014),CLUB
YAMAHA,Driver,INPRES X RMX TOUR(2014),CLUB
YAMAHA,Driver,INPRES X RMX 01(2015),CLUB
YAMAHA,Driver,INPRES X RMX 02(2015),CLUB
YAMAHA,Driver,INPRES X RMX TOUR(2015),CLUB
YAMAHA,Driver,INPRES X D201,CLUB
YAMAHA,Driver,INPRES X D202,CLUB
YAMAHA,Driver,INPRES X V201,CLUB
YAMAHA,Driver,INPRES X V202,CLUB
YAMAHA,Driver,INPRES X V203,CLUB
YAMAHA,Driver,INPRES X Z202,CLUB
YAMAHA,Driver,INPRES X Z203,CLUB
YAMAHA,Driver,INPRES X D460,CLUB
YAMAHA,Driver,INPRES X D445,CLUB
YAMAHA,Driver,INPRES X 4.6D Series,CLUB
YAMAHA,Driver,INPRES X 4.6V Series,CLUB
YAMAHA,Driver,INPRES X Classic Light,CLUB
YAMAHA,Driver,INPRES CS Series,CLUB
YAMAHA,Driver,SECRET,CLUB
YAMAHA,Driver,INPRES FEMINA,CLUB
YAMAHA,Driver,GRX BLUE,CLUB
YAMAHA,Driver,GRANDIS,CLUB
YAMAHA,Iron,INPRES X D Forged,CLUB
YAMAHA,Iron,INPRES X D Power Forged,CLUB
YAMAHA,Iron,INPRES X V Forged,CLUB
YAMAHA,Iron,INPRES X V Forged Tour,CLUB
YAMAHA,Iron,INPRES X RMX CB(2015),CLUB
YAMAHA,Iron,INPRES X RMX PB(2015),CLUB
YAMAHA,Iron,INPRES X RMX Forged(2014),CLUB
YAMAHA,Iron,INPRES X RMX CB Tour(2014),CLUB
YAMAHA,Iron,INPRES X RMX MB Tour(2014),CLUB
YAMAHA,Iron,INPRES X RMX Maraging,CLUB
YAMAHA,Iron,INPRES X 460D,CLUB
YAMAHA,Iron,INPRES X 445D,CLUB
YAMAHA,Iron,INPRES X 410V,CLUB
YAMAHA,Iron,INPRES X D Steel,CLUB
YAMAHA,Iron,INPRES X D Black,CLUB
YAMAHA,Iron,INPRES X Classic Light,CLUB
YAMAHA,Iron,INPRES CS,CLUB
YAMAHA,Iron,SECRET,CLUB
YAMAHA,Iron,GRX,CLUB
YAMAHA,FairwayWood,INPRES X RMX,CLUB
YAMAHA,FairwayWood,INPRES X Z FW,CLUB
YAMAHA,FairwayWood,INPRES X V FW,CLUB
YAMAHA,FairwayWood,INPRES X D FW,CLUB
YAMAHA,FairwayWood,INPRES X FW,CLUB
YAMAHA,FairwayWood,INPRES X D Powerspoon,CLUB
YAMAHA,FairwayWood,INPRES X Power,CLUB
YAMAHA,FairwayWood,INPRES X Classic Light,CLUB
YAMAHA,FairwayWood,INPRES CS,CLUB
YAMAHA,FairwayWood,INPRES IFF,CLUB
YAMAHA,FairwayWood,SECRET,CLUB
YAMAHA,FairwayWood,GRX BLUE,CLUB
YAMAHA,Utility,INPRES X RMX,CLUB
YAMAHA,Utility,INPRES X Z UT,CLUB
YAMAHA,Utility,INPRES X UT,CLUB
YAMAHA,Utility,INPRES X D UT,CLUB
YAMAHA,Utility,INPRES X Z UT,CLUB
YAMAHA,Utility,INPRES X Power,CLUB
YAMAHA,Utility,INPRES CS,CLUB
YAMAHA,Utility,INPRES IFF,CLUB
YAMAHA,Utility,FEMINA,CLUB
YAMAHA,Wedge,V-Forged,CLUB
YAMAHA,Wedge,X-Forged,CLUB
YAMAHA,Wedge,D-Power Forged,CLUB
YAMAHA,Wedge,RMX Forged,CLUB
YAMAHA,Putter,SECRET Series,CLUB
YAMAHA,Putter,CS Series,CLUB
YAMAHA,Putter,FEMINA Series,CLUB
YAMAHA,Putter,PT-101,CLUB
YAMAHA,Putter,PT-102,CLUB
Honma,Driver,TOUR WORLD TW717 430,CLUB
Honma,Driver,TOUR WORLD TW717 455,CLUB
Honma,Driver,TOUR WORLD TW717 460,CLUB
Honma,Driver,TOUR WORLD TW727 430,CLUB
Honma,Driver,TOUR WORLD TW727 455,CLUB
Honma,Driver,TOUR WORLD TW727 460,CLUB
Honma,Driver,Twin Marks 330,CLUB
Honma,Driver,Twin Marks 380,CLUB
Honma,Driver,Twin Marks 385,CLUB
Honma,Driver,Twin Marks 400RF,CLUB
Honma,Driver,Twin Marks 420RF,CLUB
Honma,Driver,Twin Marks 450,CLUB
Honma,Driver,Twin Marks 460RF,CLUB
Honma,Driver,BERES E-01 2/3/4STAR,CLUB
Honma,Driver,BERES E-03 2/3/4STAR,CLUB
Honma,Driver,BERES S-01 2/3/4STAR,CLUB
Honma,Driver,BERES S-02 2/3/4STAR,CLUB
Honma,Driver,BERES S-03 2/3/4STAR,CLUB
Honma,Driver,BERES C-01 2/3/4STAR,CLUB
Honma,Driver,BERES KIWAMI 2/3/4STAR,CLUB
Honma,Driver,BERES KIWAMI II 2/3/4STAR,CLUB
Honma,Driver,BERES MG611 2/3/4STAR,CLUB
Honma,Driver,BERES MG612 2/3/4STAR,CLUB
Honma,Driver,BERES MG613 2/3/4STAR,CLUB
Honma,Driver,BERES MG710 2/3/4STAR,CLUB
Honma,Driver,BERES MG711 2/3/4STAR,CLUB
Honma,Driver,BERES MG712 2/3/4STAR,CLUB
Honma,Driver,BERES MG713 2/3/4STAR,CLUB
Honma,Driver,BERES MG811 2/3/4STAR,CLUB
Honma,Driver,BERES MG812 2/3/4STAR,CLUB
Honma,Driver,BERES MG813 2/3/4STAR,CLUB
Honma,Driver,BERES ML511 2/3/4STAR,CLUB
Honma,Driver,BERES ML512 2/3/4STAR,CLUB
Honma,Driver,BERES ML513 2/3/4STAR,CLUB
Honma,Driver,BERES TW911 2/3/4STAR,CLUB
Honma,Driver,BERES TW912 2/3/4STAR,CLUB
Honma,Driver,BERES TW913 2/3/4STAR,CLUB
Honma,Driver,BERES TW914 2/3/4STAR,CLUB
Honma,Driver,LB280,CLUB
Honma,Driver,LB300,CLUB
Honma,Driver,LB515,CLUB
Honma,Driver,LB606,CLUB
Honma,Driver,Perfect Switch,CLUB
Honma,Iron,TOUR WORLD TW717M,CLUB
Honma,Iron,TOUR WORLD TW717V,CLUB
Honma,Iron,TOUR WORLD TW717P,CLUB
Honma,Iron,TOUR WORLD TW727M,CLUB
Honma,Iron,TOUR WORLD TW727V,CLUB
Honma,Iron,TOUR WORLD TW727P,CLUB
Honma,Iron,Twin Marks AP301,CLUB
Honma,Iron,Twin Marks AP501,CLUB
Honma,Iron,Twin Marks AP701,CLUB
Honma,Iron,Twin Marks MM45,CLUB
Honma,Iron,Twin Marks TM202,CLUB
Honma,Iron,Twin Marks TF201,CLUB
Honma,Iron,Twin Marks Crossattack,CLUB
Honma,Iron,Twin Marks 503,CLUB
Honma,Iron,Twin Marks 504,CLUB
Honma,Iron,Twin Marks Feather&Feather,CLUB
Honma,Iron,Twin Marks Memorial 2000 A,CLUB
Honma,Iron,Twin Marks Memorial 2000 B,CLUB
Honma,Iron,BERES IE-01 2/3/4STAR,CLUB
Honma,Iron,BERES IE-01 2/3/4STAR,CLUB
Honma,Iron,BERES IE-03 2/3/4STAR,CLUB
Honma,Iron,BERES IS-01 2/3/4STAR,CLUB
Honma,Iron,BERES IS-02 2/3/4STAR,CLUB
Honma,Iron,BERES IS-03 2/3/4STAR,CLUB
Honma,Iron,BERES IC-01 2/3/4STAR,CLUB
Honma,Iron,BERES KIWAMI 2/3/4STAR,CLUB
Honma,Iron,BERES KIWAMI II 2/3/4STAR,CLUB
Honma,Iron,BERES MG601 2/3/4STAR,CLUB
Honma,Iron,BERES MG701 2/3/4STAR,CLUB
Honma,Iron,BERES MG801 2/3/4STAR,CLUB
Honma,Iron,BERES MG818 2/3/4STAR,CLUB
Honma,Iron,BERES ML501 2/3/4STAR,CLUB
Honma,Iron,LB280,CLUB
Honma,Iron,LB300,CLUB
Honma,Iron,LB515,CLUB
Honma,Iron,LB606,CLUB
Honma,Iron,LB708,CLUB
Honma,FairwayWood,TOUR WORLD TW717,CLUB
Honma,FairwayWood,TOUR WORLD TW727,CLUB
Honma,FairwayWood,Twin Marks 330,CLUB
Honma,FairwayWood,Twin Marks 380,CLUB
Honma,FairwayWood,Twin Marks 385,CLUB
Honma,FairwayWood,Twin Marks 400RF,CLUB
Honma,FairwayWood,Twin Marks 420RF,CLUB
Honma,FairwayWood,Twin Marks 450,CLUB
Honma,FairwayWood,Twin Marks 460RF,CLUB
Honma,FairwayWood,BERES E-01 2/3/4STAR,CLUB
Honma,FairwayWood,BERES E-03 2/3/4STAR,CLUB
Honma,FairwayWood,BERES S-01 2/3/4STAR,CLUB
Honma,FairwayWood,BERES S-02 2/3/4STAR,CLUB
Honma,FairwayWood,BERES S-03 2/3/4STAR,CLUB
Honma,FairwayWood,BERES C-01 2/3/4STAR,CLUB
Honma,FairwayWood,BERES KIWAMI 2/3/4STAR,CLUB
Honma,FairwayWood,BERES KIWAMI II 2/3/4STAR,CLUB
Honma,FairwayWood,BERES MG611 2/3/4STAR,CLUB
Honma,FairwayWood,BERES MG612 2/3/4STAR,CLUB
Honma,FairwayWood,BERES MG613 2/3/4STAR,CLUB
Honma,FairwayWood,BERES MG710 2/3/4STAR,CLUB
Honma,FairwayWood,BERES MG711 2/3/4STAR,CLUB
Honma,FairwayWood,BERES MG712 2/3/4STAR,CLUB
Honma,FairwayWood,BERES MG713 2/3/4STAR,CLUB
Honma,FairwayWood,BERES MG811 2/3/4STAR,CLUB
Honma,FairwayWood,BERES MG812 2/3/4STAR,CLUB
Honma,FairwayWood,BERES MG813 2/3/4STAR,CLUB
Honma,FairwayWood,BERES ML511 2/3/4STAR,CLUB
Honma,FairwayWood,BERES ML512 2/3/4STAR,CLUB
Honma,FairwayWood,BERES ML513 2/3/4STAR,CLUB
Honma,FairwayWood,BERES TW911 2/3/4STAR,CLUB
Honma,FairwayWood,BERES TW912 2/3/4STAR,CLUB
Honma,FairwayWood,BERES TW913 2/3/4STAR,CLUB
Honma,FairwayWood,BERES TW914 2/3/4STAR,CLUB
Honma,FairwayWood,LB280,CLUB
Honma,FairwayWood,LB300,CLUB
Honma,FairwayWood,Perfect Switch,CLUB
Honma,FairwayWood,ATHPORT,CLUB
Honma,FairwayWood,ACCELERATE,CLUB
Honma,Utility,TOUR WORLD TW717,CLUB
Honma,Utility,TOUR WORLD TW727,CLUB
Honma,Utility,BERES U-01 2/3/4STAR,CLUB
Honma,Utility,BERES U-03 2/3/4STAR,CLUB
Honma,Utility,BERES U-201 2/3/4STAR,CLUB
Honma,Utility,BERES U-202 2/3/4STAR,CLUB
Honma,Utility,BERES U-203 2/3/4STAR,CLUB
Honma,Utility,BERES KIWAMI 2/3/4STAR,CLUB
Honma,Utility,BERES KIWAMI II 2/3/4STAR,CLUB
Honma,Utility,BERES MG612 2/3/4STAR,CLUB
Honma,Utility,BERES ML501 2/3/4STAR,CLUB
Honma,Utility,Perfect Switch,CLUB
Honma,Utility,ATHPORT,CLUB
Honma,Wedge,W105C,CLUB
Honma,Wedge,W103,CLUB
Honma,Wedge,W102P,CLUB
Honma,Wedge,ATHPORT,CLUB
Honma,Putter,PP-101,CLUB
Honma,Putter,PP-102,CLUB
Honma,Putter,BP-1012,CLUB
Honma,Putter,BP-2001,CLUB
Honma,Putter,BP-2002,CLUB
Honma,Putter,BP-2003,CLUB
Honma,Putter,BP-2004,CLUB
Honma,Putter,BP-2005,CLUB
Honma,Putter,BP-2006,CLUB
Honma,Putter,BP-2007,CLUB
Honma,Putter,BP-2008,CLUB
Honma,Putter,LB Sinker,CLUB
Honma,Putter,Persimmon,CLUB
Yes!,Driver,KJ5000,CLUB
Yes!,Driver,KJ3000,CLUB
Yes!,Driver,KJ460,CLUB
Yes!,Driver,KJ59,CLUB
Yes!,Driver,C450,CLUB
Yes!,Driver,ID 7,CLUB
Yes!,Iron,KJ1000 Forged,CLUB
Yes!,Iron,KJ200 Forged,CLUB
Yes!,Iron,Bill Forged,CLUB
Yes!,Iron,Bill Natural Forged,CLUB
Yes!,Iron,ID Forged,CLUB
Yes!,Iron,Hime Rainbow,CLUB
Yes!,Iron,Hime Celebrity,CLUB
Yes!,Iron,Hime Classic,CLUB
Yes!,Iron,Hime Premium Gold,CLUB
Yes!,Iron,Hime Premium Silver,CLUB
Yes!,FairwayWood,KJ59,CLUB
Yes!,FairwayWood,JAMES,CLUB
Yes!,FairwayWood,CLINTON,CLUB
Yes!,FairwayWood,ID 7,CLUB
Yes!,FairwayWood,C-Series,CLUB
Yes!,Utility,ID 7,CLUB
Yes!,Wedge,Bill Forged,CLUB
Yes!,Putter,Tracy,CLUB
Yes!,Putter,Victoria,CLUB
Yes!,Putter,Marilyn,CLUB
Yes!,Putter,Callie,CLUB
Yes!,Putter,Sandy,CLUB
Yes!,Putter,Stacy,CLUB
Yes!,Putter,Evelyn,CLUB
Yes!,Putter,Jenny,CLUB
Yes!,Putter,Rachel,CLUB
Yes!,Putter,Stephanie,CLUB
Yes!,Putter,Laura,CLUB
Yes!,Putter,Abbie,CLUB
Yes!,Putter,Olivia,CLUB
Yes!,Putter,Dianna,CLUB
Yes!,Putter,Tiffany,CLUB
Yes!,Putter,Callie Classic Plus,CLUB
Yes!,Putter,Marilyn Classic Plus,CLUB
Yes!,Putter,Code Series,CLUB
Yes!,Putter,Code 3 Series,CLUB
Yes!,Putter,New Code Series,CLUB
Yes!,Putter,New JS2ND Series,CLUB
Yes!,Putter,JS-01 Series,CLUB
Yes!,Putter,Milly True Alignment,CLUB
PRGR,Driver,iD Nabla Red,CLUB
PRGR,Driver,iD Nabla Black,CLUB
PRGR,Driver,iD Nabla RS,CLUB
PRGR,Driver,iD Nabla X,CLUB
PRGR,Driver,iD RED,CLUB
PRGR,Driver,iD 435,CLUB
PRGR,Driver,iD 455,CLUB
PRGR,Driver,iD 460X,CLUB
PRGR,Driver,RED505,CLUB
PRGR,Driver,EGG7,CLUB
PRGR,Driver,EGGBIRD,CLUB
PRGR,Driver,NEW EGGBIRD,CLUB
PRGR,Driver,GN502,CLUB
PRGR,Driver,TR-X Series,CLUB
PRGR,Driver,T3 Series,CLUB
PRGR,Iron,iD Nabla Red,CLUB
PRGR,Iron,iD Nabla Black Forged,CLUB
PRGR,Iron,iD Nabla RS Forged,CLUB
PRGR,Iron,iD Nabla RS ,CLUB
PRGR,Iron,iD Nabla X,CLUB
PRGR,Iron,iD Nabla Forged,CLUB
PRGR,Iron,iD Nabla Tour Forged,CLUB
PRGR,Iron,iD RED,CLUB
PRGR,Iron,iD BL,CLUB
PRGR,Iron,iD Forged,CLUB
PRGR,Iron,New iD Forged,CLUB
PRGR,Iron,RED505 Forged,CLUB
PRGR,Iron,LED Forged,CLUB
PRGR,Iron,EGG,CLUB
PRGR,Iron,NEW EGG,CLUB
PRGR,Iron,TR500 Forged,CLUB
PRGR,Iron,GN502,CLUB
PRGR,Iron,is3 Series,CLUB
PRGR,Iron,Speed Iron Series,CLUB
PRGR,Iron,Data Series,CLUB
PRGR,FairwayWood,iD Nabla Red,CLUB
PRGR,FairwayWood,iD Nabla Black,CLUB
PRGR,FairwayWood,iD Nabla RS,CLUB
PRGR,FairwayWood,iD Nabla X,CLUB
PRGR,FairwayWood,iD RED,CLUB
PRGR,FairwayWood,iD HIT,CLUB
PRGR,FairwayWood,RED505,CLUB
PRGR,FairwayWood,EGG,CLUB
PRGR,FairwayWood,NEW EGG,CLUB
PRGR,FairwayWood,GN502,CLUB
PRGR,FairwayWood,SWEEP M12,CLUB
PRGR,FairwayWood,SWEEP M13,CLUB
PRGR,FairwayWood,M3 Series,CLUB
PRGR,Utility,iD Nabla Red,CLUB
PRGR,Utility,iD Nabla Black,CLUB
PRGR,Utility,iD Nabla RS,CLUB
PRGR,Utility,iD Nabla X,CLUB
PRGR,Utility,iD RED,CLUB
PRGR,Utility,iD HIT UT,CLUB
PRGR,Utility,EGG,CLUB
PRGR,Utility,EGG i+,CLUB
PRGR,Utility,NEW EGG i+,CLUB
PRGR,Utility,SWEEP M12,CLUB
PRGR,Utility,SWEEP M13,CLUB
PRGR,Wedge,iD Nabla,CLUB
PRGR,Wedge,iD,CLUB
PRGR,Wedge,New TR,CLUB
PRGR,Putter,Silver Blade,CLUB
Maruman,Driver,Majesty Prestigio,CLUB
Maruman,Driver,Majesty Prestigio Gold Premium,CLUB
Maruman,Driver,Majesty Royal,CLUB
Maruman,Driver,Majesty Sublime,CLUB
Maruman,Driver,Royal-VQ,CLUB
Maruman,Driver,Royal-VQ II,CLUB
Maruman,Driver,Royal-VQ III,CLUB
Maruman,Driver,Royal-VQ IV,CLUB
Maruman,Driver,Gold,CLUB
Maruman,Driver,Gold Premium,CLUB
Maruman,Driver,Metabio,CLUB
Maruman,Driver,Zeta Type,CLUB
Maruman,Driver,FL II,CLUB
Maruman,Driver,Conductor Fino,CLUB
Maruman,Driver,Z713,CLUB
Maruman,Driver,Shuttle i4000X,CLUB
Maruman,Driver,Verity,CLUB
Maruman,Driver,Vanquish,CLUB
Maruman,Iron,Majesty Prestigio,CLUB
Maruman,Iron,Majesty Prestigio Super7,CLUB
Maruman,Iron,Majesty Prestigio Gold Premium,CLUB
Maruman,Iron,Majesty Royal,CLUB
Maruman,Iron,Majesty Royal LV,CLUB
Maruman,Iron,Majesty Sublime,CLUB
Maruman,Iron,Majesty Gold,CLUB
Maruman,Iron,Royal-VQ,CLUB
Maruman,Iron,Royal-VQ II,CLUB
Maruman,Iron,Royal-VQ III,CLUB
Maruman,Iron,Royal-VQ IV,CLUB
Maruman,Iron,Royal-VQ V,CLUB
Maruman,Iron,Metabio,CLUB
Maruman,Iron,Metabio PRO,CLUB
Maruman,Iron,Metabio 2,CLUB
Maruman,Iron,New Metabio,CLUB
Maruman,Iron,Zeta Type,CLUB
Maruman,Iron,FL II,CLUB
Maruman,Iron,Conductor Series,CLUB
Maruman,Iron,Shuttle i3000X,CLUB
Maruman,Iron,Shuttle i4000X,CLUB
Maruman,Iron,Z713,CLUB
Maruman,Iron,Verity,CLUB
Maruman,Iron,Vanquish,CLUB
Maruman,Iron,V-SONIC,CLUB
Maruman,FairwayWood,Majesty Prestigio,CLUB
Maruman,FairwayWood,Majesty Royal,CLUB
Maruman,FairwayWood,Majesty Sublime,CLUB
Maruman,FairwayWood,Royal-VQ,CLUB
Maruman,FairwayWood,Royal-VQ II,CLUB
Maruman,FairwayWood,Royal-VQ III,CLUB
Maruman,FairwayWood,Royal-VQ IV,CLUB
Maruman,FairwayWood,Royal-VQ V,CLUB
Maruman,FairwayWood,Metabio,CLUB
Maruman,FairwayWood,Metabio 2,CLUB
Maruman,FairwayWood,New Metabio,CLUB
Maruman,FairwayWood,FL II,CLUB
Maruman,FairwayWood,Conductor Series,CLUB
Maruman,FairwayWood,Shuttle i3000X,CLUB
Maruman,FairwayWood,Shuttle i4000X,CLUB
Maruman,FairwayWood,Shuttle Maraging,CLUB
Maruman,FairwayWood,V-SONIC,CLUB
Maruman,FairwayWood,MK-01,CLUB
Maruman,FairwayWood,MK-02,CLUB
Maruman,Utility,Majesty Prestigio,CLUB
Maruman,Utility,Majesty Prestigio Gold Premium,CLUB
Maruman,Utility,Majesty Royal,CLUB
Maruman,Utility,Majesty Sublime,CLUB
Maruman,Utility,Royal-VQ,CLUB
Maruman,Utility,Royal-VQ II,CLUB
Maruman,Utility,Royal-VQ III,CLUB
Maruman,Utility,Royal-VQ IV,CLUB
Maruman,Utility,Gold,CLUB
Maruman,Utility,FL II,CLUB
Maruman,Utility,Verity,CLUB
Maruman,Utility,Vanquish,CLUB
Maruman,Utility,MK-01,CLUB
Maruman,Utility,MK-02,CLUB
Maruman,Wedge,KS Wedge,CLUB
Maruman,Putter,MJ-101P,CLUB
Maruman,Putter,MJ-102LM,CLUB
Maruman,Putter,MJ-103M,CLUB
Maruman,Putter,MJ-141M,CLUB
Maruman,Putter,MJ-141P,CLUB
Maruman,Putter,MN-7210,CLUB
Maruman,Putter,MP-7209,CLUB
Maruman,Putter,SPI-3,CLUB
Maruman,Putter,FL,CLUB
Romaro,Driver,Ray 460HX,CLUB
Romaro,Driver,Ray 460HX Gold,CLUB
Romaro,Driver,Ray 455LX,CLUB
Romaro,Driver,Ray 455LX Gold,CLUB
Romaro,Driver,Ray 455LX Type-R,CLUB
Romaro,Driver,Ray 435LX,CLUB
Romaro,Driver,Ray 435LX Black,CLUB
Romaro,Driver,Ray Alpha,CLUB
Romaro,Iron,RD-01 Forged,CLUB
Romaro,Iron,RD-02 Forged,CLUB
Romaro,Iron,RD-05 Forged,CLUB
Romaro,Iron,RD-07 Forged,CLUB
Romaro,Iron,Ray-V Forged,CLUB
Romaro,Iron,Ray-V Gold Forged,CLUB
Romaro,Iron,Ray-V Type-R Forged,CLUB
Romaro,Iron,Ray-H Forged,CLUB
Romaro,Iron,Ray-M,CLUB
Romaro,Iron,Ray Alpha Forged,CLUB
Romaro,Iron,Ray-CX Forged,CLUB
Romaro,FairwayWood,Ray FW,CLUB
Romaro,FairwayWood,Ray Type-R,CLUB
Romaro,FairwayWood,Ray Type-R TOUR SELECT,CLUB
Romaro,FairwayWood,Ray Alpha,CLUB
Romaro,Utility,Ray UT,CLUB
Romaro,Utility,Ray Type-R,CLUB
Romaro,Utility,Ray Alpha,CLUB
Romaro,Utility,I-Bird,CLUB
Romaro,Wedge,Ray-W,CLUB
Romaro,Wedge,Ray-VX,CLUB
Romaro,Wedge,Ray-EX,CLUB
Romaro,Wedge,SX-IS,CLUB
Romaro,Wedge,SX-R,CLUB
Romaro,Wedge,VK II,CLUB
Romaro,Wedge,ALCOBACA,CLUB
Romaro,Putter,DEALER Series,CLUB
Romaro,Putter,Grand Ocean,CLUB
Romaro,Putter,TANK,CLUB
Romaro,Putter,CR-III,CLUB
Romaro,Putter,SHIP Series,CLUB
Romaro,Putter,CR-V,CLUB
Romaro,Putter,HEXAGON,CLUB
Romaro,Putter,Barque Series,CLUB
ELORD,Driver,M900 Gold,CLUB
ELORD,Driver,M890 Red,CLUB
ELORD,Driver,M880 White,CLUB
ELORD,Driver,M870 White,CLUB
ELORD,Driver,M860 Blue,CLUB
ELORD,Driver,M7 Machine,CLUB
ELORD,Driver,M5 Machine,CLUB
ELORD,Driver,M3 Machine,CLUB
ELORD,Driver,New M5 Machine,CLUB
ELORD,Driver,OPUS MAGNUM,CLUB
ELORD,Driver,OPUS TIERRA,CLUB
ELORD,Driver,GXR-460,CLUB
ELORD,Driver,GXR-470,CLUB
ELORD,Driver,GX-460,CLUB
ELORD,Driver,GX-470,CLUB
ELORD,Driver,GX-470V,CLUB
ELORD,Iron,M3 Machine,CLUB
ELORD,Iron,M5 Machine,CLUB
ELORD,Iron,M7 Machine,CLUB
ELORD,Iron,M6 Forged,CLUB
ELORD,Iron,M7 Forged,CLUB
ELORD,Iron,New M7,CLUB
ELORD,Iron,OPUS TIERRA,CLUB
ELORD,Iron,GXR-300,CLUB
ELORD,Iron,GXR-500,CLUB
ELORD,Iron,GX-300V,CLUB
ELORD,Iron,GX-500V,CLUB
ELORD,Iron,GX-3000,CLUB
ELORD,Iron,GX-4000,CLUB
ELORD,Iron,GX-5000,CLUB
ELORD,Iron,GX-7000,CLUB
ELORD,Iron,GX-9000,CLUB
ELORD,FairwayWood,M3 Machine,CLUB
ELORD,FairwayWood,M5 Machine,CLUB
ELORD,FairwayWood,M7 Machine,CLUB
ELORD,FairwayWood,GXR,CLUB
ELORD,FairwayWood,GX-460,CLUB
ELORD,FairwayWood,GX F10,CLUB
ELORD,FairwayWood,CIEL,CLUB
ELORD,FairwayWood,JUST,CLUB
ELORD,Utility,M3 Machine,CLUB
ELORD,Utility,M5 Machine,CLUB
ELORD,Utility,M7 Machine,CLUB
ELORD,Utility,GXR,CLUB
ELORD,Utility,GX,CLUB
ELORD,Wedge,M-Series,CLUB
ELORD,Putter,GX,CLUB
ELORD,Putter,XQ,CLUB
ADAMS,Driver,Speedline Fast 10,CLUB
ADAMS,Driver,Speedline Fast 11,CLUB
ADAMS,Driver,Speedline Fast 12,CLUB
ADAMS,Driver,Speedline Tech,CLUB
ADAMS,Driver,SUPER S,CLUB
ADAMS,Driver,SUPER LS,CLUB
ADAMS,Driver,XTD Ti,CLUB
ADAMS,Driver,BLUE,CLUB
ADAMS,Iron,XTD Forged,CLUB
ADAMS,Iron,IDEA TECH,CLUB
ADAMS,Iron,IDEA TECH A2,CLUB
ADAMS,Iron,IDEA TECH A4,CLUB
ADAMS,Iron,IDEA TECH V3,CLUB
ADAMS,Iron,IDEA TECH V4,CLUB
ADAMS,Iron,IDEA A9 Gold,CLUB
ADAMS,Iron,IDEA A12 OS,CLUB
ADAMS,Iron,IDEA A12 PRO,CLUB
ADAMS,Iron,IDEA A7 OS,CLUB
ADAMS,Iron,IDEA BLACK CB2,CLUB
ADAMS,Iron,IDEA BLACK CB3,CLUB
ADAMS,Iron,IDEA RPM2,CLUB
ADAMS,Iron,BLUE,CLUB
ADAMS,FairwayWood,Speedline Fast 10,CLUB
ADAMS,FairwayWood,Speedline Fast 11,CLUB
ADAMS,FairwayWood,Speedline Fast 12,CLUB
ADAMS,FairwayWood,SUPER S,CLUB
ADAMS,FairwayWood,TIGHT LIES,CLUB
ADAMS,FairwayWood,TIGHT LIES-J,CLUB
ADAMS,FairwayWood,XTD Ti,CLUB
ADAMS,FairwayWood,INSIGHT,CLUB
ADAMS,FairwayWood,OVATION,CLUB
ADAMS,FairwayWood,BLUE,CLUB
ADAMS,FairwayWood,RPM Low Profile,CLUB
ADAMS,Utility,IDEA A3,CLUB
ADAMS,Utility,IDEA A7,CLUB
ADAMS,Utility,IDEA A9 Gold,CLUB
ADAMS,Utility,IDEA TECH A4,CLUB
ADAMS,Utility,IDEA TECH V3,CLUB
ADAMS,Utility,IDEA TECH V4,CLUB
ADAMS,Utility,IDEA A12,CLUB
ADAMS,Utility,IDEA A12 OS,CLUB
ADAMS,Utility,IDEA A12 PRO,CLUB
ADAMS,Utility,IDEA SUPER S,CLUB
ADAMS,Utility,IDEA BLACK SUPER,CLUB
ADAMS,Utility,New IDEA,CLUB
ADAMS,Utility,SUPER LS,CLUB
ADAMS,Utility,SUPER DHY,CLUB
ADAMS,Utility,TIGHT LIES,CLUB
ADAMS,Utility,PRO JV,CLUB
ADAMS,Utility,XTD Ti,CLUB
ADAMS,Utility,BLUE,CLUB
ADAMS,Utility,RED,CLUB
ADAMS,Wedge,Tom Watson Series,CLUB
KASCO,Driver,TARO,CLUB
KASCO,Driver,JEU-X,CLUB
KASCO,Driver,Power Tornado DF-II,CLUB
KASCO,Driver,D-Max AR,CLUB
KASCO,Driver,D-Max PYRA,CLUB
KASCO,Driver,D-Max 450,CLUB
KASCO,Driver,INSPIRE,CLUB
KASCO,Iron,TARO,CLUB
KASCO,Iron,JEU-X,CLUB
KASCO,Iron,D-Max AR,CLUB
KASCO,Iron,D-Max PYRA,CLUB
KASCO,Iron,VS POWER X,CLUB
KASCO,Iron,VS WOMAN CM,CLUB
KASCO,Iron,KASCO Royal,CLUB
KASCO,FairwayWood,TARO,CLUB
KASCO,FairwayWood,JEU-X,CLUB
KASCO,FairwayWood,Power Tornado DF-II,CLUB
KASCO,FairwayWood,D-Max AR,CLUB
KASCO,FairwayWood,D-Max PYRA,CLUB
KASCO,FairwayWood,LEIOS,CLUB
KASCO,Utility,Power Tornado 7,CLUB
KASCO,Utility,Power Tornado 8,CLUB
KASCO,Utility,Power Tornado DF-III,CLUB
KASCO,Utility,Super Rocket I,CLUB
KASCO,Utility,Super Rocket II,CLUB
KASCO,Utility,Super Rocket III,CLUB
KASCO,Utility,LEIOS,CLUB
KASCO,Wedge,DOLPHIN,CLUB
KASCO,Putter,OIRI Series,CLUB
KATANA,Driver,Stardom Gold,CLUB
KATANA,Driver,Stardom Gold II,CLUB
KATANA,Driver,Stardom Gold III,CLUB
KATANA,Driver,Stardom Gold V,CLUB
KATANA,Driver,Stardom Gold Dragon,CLUB
KATANA,Driver,Stardom Green,CLUB
KATANA,Driver,VOLTIO,CLUB
KATANA,Driver,VOLTIO II,CLUB
KATANA,Driver,VOLTIO II Hi,CLUB
KATANA,Driver,VOLTIO III,CLUB
KATANA,Driver,VOLTIO G,CLUB
KATANA,Driver,Sword Gold,CLUB
KATANA,Driver,Sword Sniper 4WD,CLUB
KATANA,Driver,Sword Sniper Plus,CLUB
KATANA,Driver,Sword IZU MAX COR,CLUB
KATANA,Driver,Sword IZU MAX 55 Hi,CLUB
KATANA,Driver,M-5,CLUB
KATANA,Driver,M-7,CLUB
KATANA,Driver,M-8,CLUB
KATANA,Iron,Stardom Forged,CLUB
KATANA,Iron,Stardom Premium Gold Forged,CLUB
KATANA,Iron,Stardom Premium Max,CLUB
KATANA,Iron,VOLTIO Forged,CLUB
KATANA,Iron,VOLTIO II Forged,CLUB
KATANA,Iron,VOLTIO III Forged,CLUB
KATANA,Iron,VOLTIO G Forged,CLUB
KATANA,Iron,Sword Gold,CLUB
KATANA,Iron,Sword IZU MAX Forged,CLUB
KATANA,Iron,Sword IZU I-830,CLUB
KATANA,Iron,Sword IZU I-880,CLUB
KATANA,FairwayWood,Stardom II,CLUB
KATANA,FairwayWood,Stardom Gold,CLUB
KATANA,FairwayWood,Stardom Gold II,CLUB
KATANA,FairwayWood,Stardom Premium Max,CLUB
KATANA,FairwayWood,Stardom Black,CLUB
KATANA,FairwayWood,VOLTIO FW,CLUB
KATANA,FairwayWood,VOLTIO II FW,CLUB
KATANA,FairwayWood,VOLTIO III FW,CLUB
KATANA,FairwayWood,VOLTIO G FW,CLUB
KATANA,FairwayWood,Sword IZU MAX COR,CLUB
KATANA,FairwayWood,Sword Sniper-F,CLUB
KATANA,Utility,Stardom Premium Max,CLUB
KATANA,Utility,VOLTIO UT,CLUB
KATANA,Utility,VOLTIO II UT,CLUB
KATANA,Utility,VOLTIO III UT,CLUB
KATANA,Utility,VOLTIO G UT,CLUB
KATANA,Utility,Sword IZU MAX COR,CLUB
KATANA,Utility,Sword Sniper,CLUB
KATANA,Wedge,Stardom Forged,CLUB
KATANA,Wedge,VOLTIO Forged,CLUB
KATANA,Putter,Stardom Gold Premium,CLUB
KATANA,Putter,VOLTIO KABUTO,CLUB
Hiro Matsumoto,Driver,XIMA BK,CLUB
Hiro Matsumoto,Driver,XIMA BK Platinum,CLUB
Hiro Matsumoto,Driver,XIMA BK Signature,CLUB
Hiro Matsumoto,Driver,Signature Premium Gold,CLUB
Hiro Matsumoto,Driver,Granard HJ-102,CLUB
Hiro Matsumoto,Driver,Granard Sky Max 475,CLUB
Hiro Matsumoto,Driver,Granard Sky Max 460,CLUB
Hiro Matsumoto,Driver,Granard Sky Max 24K Gold,CLUB
Hiro Matsumoto,Driver,MRX-708G,CLUB
Hiro Matsumoto,Driver,INFICROSS,CLUB
Hiro Matsumoto,Iron,XIMA Gold,CLUB
Hiro Matsumoto,Iron,XIMA Gold II,CLUB
Hiro Matsumoto,Iron,XIMA BK Black,CLUB
Hiro Matsumoto,Iron,XIMA BK Signature,CLUB
Hiro Matsumoto,Iron,EX-5.4,CLUB
Hiro Matsumoto,Iron,MXG-01,CLUB
Hiro Matsumoto,Iron,Granard Sky Max,CLUB
Hiro Matsumoto,Iron,Granard Sky Max Premium Gold,CLUB
Hiro Matsumoto,Iron,Granard Sky Max 24K Gold,CLUB
Hiro Matsumoto,Iron,Granard II Sky Max,CLUB
Hiro Matsumoto,Iron,MK-Platinum,CLUB
Hiro Matsumoto,Iron,ART Series,CLUB
Hiro Matsumoto,Iron,INFICROSS,CLUB
Hiro Matsumoto,FairwayWood,XIMA BK,CLUB
Hiro Matsumoto,FairwayWood,XIMA BK Gold,CLUB
Hiro Matsumoto,FairwayWood,XIMA BK Silver,CLUB
Hiro Matsumoto,FairwayWood,XIMA BK Platinum,CLUB
Hiro Matsumoto,FairwayWood,XIMA BK Signature,CLUB
Hiro Matsumoto,FairwayWood,Signature Premium Gold,CLUB
Hiro Matsumoto,FairwayWood,Granard HJ-102,CLUB
Hiro Matsumoto,FairwayWood,Granard Sky Max,CLUB
Hiro Matsumoto,FairwayWood,Granard II Sky Max HL,CLUB
Hiro Matsumoto,FairwayWood,MRX-708,CLUB
Hiro Matsumoto,FairwayWood,INFICROSS,CLUB
Hiro Matsumoto,Utility,XIMA BK,CLUB
Hiro Matsumoto,Utility,XIMA BK Gold,CLUB
Hiro Matsumoto,Utility,XIMA BK Black,CLUB
Hiro Matsumoto,Utility,XIMA BK Platinum,CLUB
Hiro Matsumoto,Utility,XIMA BK Signature,CLUB
Hiro Matsumoto,Utility,Signature Premium Gold,CLUB
Hiro Matsumoto,Utility,Granard HJ-102,CLUB
Hiro Matsumoto,Utility,Granard Sky Max,CLUB
Hiro Matsumoto,Utility,Granard Sky Max 24K Gold,CLUB
Hiro Matsumoto,Utility,Granard II Sky Max,CLUB
Hiro Matsumoto,Utility,HMK-K1,CLUB
Hiro Matsumoto,Utility,HMF-K1,CLUB
Hiro Matsumoto,Wedge,GDH-25C,CLUB
Hiro Matsumoto,Wedge,N2-X Plus,CLUB
Hiro Matsumoto,Wedge,ARASHI TOUR,CLUB
Hiro Matsumoto,Putter,Platinum MY GOLD,CLUB
Hiro Matsumoto,Putter,Platinum MY SILVER,CLUB
Hiro Matsumoto,Putter,Signature Premium Gold,CLUB
Hiro Matsumoto,Putter,Granard Premium Gold,CLUB
Hiro Matsumoto,Putter,Granard II Black,CLUB
Hiro Matsumoto,Putter,Limited Granard 24K Premium Black,CLUB
Hiro Matsumoto,Putter,HMG-01,CLUB
Hiro Matsumoto,Putter,HMG-03,CLUB
Hiro Matsumoto,Putter,MB-01,CLUB
Hiro Matsumoto,Putter,MD-01,CLUB
Hiro Matsumoto,Putter,MD-Silver,CLUB
Hiro Matsumoto,Putter,MD-Z,CLUB
Hiro Matsumoto,Putter,MD-CNC,CLUB
Hiro Matsumoto,Putter,MH-05,CLUB
Hiro Matsumoto,Putter,MKPRO-I,CLUB
Hiro Matsumoto,Putter,MJ-01,CLUB
Hiro Matsumoto,Putter,MG-01,CLUB
Hiro Matsumoto,Putter,MG-03,CLUB
Hiro Matsumoto,Putter,MG-05,CLUB
Hiro Matsumoto,Putter,MR-02,CLUB
Hiro Matsumoto,Putter,MR-05,CLUB
Hiro Matsumoto,Putter,MR-06,CLUB
Hiro Matsumoto,Putter,HX-01,CLUB
Hiro Matsumoto,Putter,HM-808,CLUB
Hiro Matsumoto,Putter,ML-303,CLUB
Hiro Matsumoto,Putter,ML-304,CLUB
Hiro Matsumoto,Putter,MR-705C,CLUB
Hiro Matsumoto,Putter,MR-703S,CLUB
Hiro Matsumoto,Putter,MSH-01,CLUB
Hiro Matsumoto,Putter,SP-01,CLUB
Hiro Matsumoto,Putter,SP-02,CLUB
Hiro Matsumoto,Putter,SP-777,CLUB
Hiro Matsumoto,Putter,SF-02,CLUB
Hiro Matsumoto,Putter,FL-808,CLUB
Hiro Matsumoto,Putter,LF-803,CLUB
Hiro Matsumoto,Putter,Exclusive 5.1 Series,CLUB
Hiro Matsumoto,Putter,XIMA BK,CLUB
Fourteen,Driver,CT-315,CLUB
Fourteen,Driver,CT-214,CLUB
Fourteen,Driver,CT-112,CLUB
Fourteen,Driver,DT-111,CLUB
Fourteen,Driver,ST-110,CLUB
Fourteen,Driver,ST-212,CLUB
Fourteen,Driver,JC-406,CLUB
Fourteen,Driver,JC-606,CLUB
Fourteen,Driver,JC-707,CLUB
Fourteen,Driver,JC-808,CLUB
Fourteen,Driver,JC-909,CLUB
Fourteen,Iron,TC-330,CLUB
Fourteen,Iron,TC-450,CLUB
Fourteen,Iron,TC-530,CLUB
Fourteen,Iron,TC-550,CLUB
Fourteen,Iron,TC-730,CLUB
Fourteen,Iron,TC-930,CLUB
Fourteen,Iron,TC-510,CLUB
Fourteen,Iron,TC-606,CLUB
Fourteen,Iron,TC-610,CLUB
Fourteen,Iron,TC-710,CLUB
Fourteen,Iron,TC-770,CLUB
Fourteen,Iron,TC-777,CLUB
Fourteen,Iron,TC-888,CLUB
Fourteen,Iron,TC-910,CLUB
Fourteen,Iron,TC-1000,CLUB
Fourteen,Iron,TB-1000,CLUB
Fourteen,Iron,PC-555,CLUB
Fourteen,Iron,PC-660,CLUB
Fourteen,Iron,FH-1000,CLUB
Fourteen,FairwayWood,SF-308,CLUB
Fourteen,FairwayWood,SF-410,CLUB
Fourteen,FairwayWood,SF-511,CLUB
Fourteen,FairwayWood,SF-612,CLUB
Fourteen,FairwayWood,CF-115,CLUB
Fourteen,Utility,UT-306,CLUB
Fourteen,Utility,UT-409,CLUB
Fourteen,Utility,UT-511,CLUB
Fourteen,Utility,UT-612,CLUB
Fourteen,Utility,CU-115,CLUB
Fourteen,Utility,HI-610 H.T.S,CLUB
Fourteen,Wedge,MT-28 Series,CLUB
Fourteen,Wedge,RM-11,CLUB
Fourteen,Wedge,RM-12,CLUB
Fourteen,Wedge,RM-21,CLUB
Fourteen,Wedge,DJ-11,CLUB
Fourteen,Wedge,HI-610 H.T.S,CLUB
Fourteen,Wedge,C-030,CLUB
Fourteen,Putter,HK-1 Series,CLUB
Fourteen,Putter,HK-2 Series,CLUB
Fourteen,Putter,HK-3 Series,CLUB
Fourteen,Putter,SUPER X Series,CLUB
Fourteen,Putter,LF Series,CLUB
Macgregor,Driver,Gold Tourney,CLUB
Macgregor,Driver,NV-301,CLUB
Macgregor,Driver,NV-201,CLUB
Macgregor,Driver,NV-2,CLUB
Macgregor,Driver,NV-S,CLUB
Macgregor,Driver,NV-SL,CLUB
Macgregor,Driver,NV-R,CLUB
Macgregor,Driver,NV-F,CLUB
Macgregor,Driver,NV-FL,CLUB
Macgregor,Driver,NV-NX,CLUB
Macgregor,Driver,NV-Type1,CLUB
Macgregor,Driver,NV-Type2,CLUB
Macgregor,Driver,NV-NXL,CLUB
Macgregor,Driver,NV-NXR,CLUB
Macgregor,Driver,NV-NXS,CLUB
Macgregor,Driver,NVG,CLUB
Macgregor,Driver,NVG2,CLUB
Macgregor,Driver,NVG 435,CLUB
Macgregor,Driver,DH-101,CLUB
Macgregor,Driver,DP-101,CLUB
Macgregor,Driver,DS-101,CLUB
Macgregor,Iron,Gold Tourney,CLUB
Macgregor,Iron,M59,CLUB
Macgregor,Iron,NV-201,CLUB
Macgregor,Iron,NV-FL,CLUB
Macgregor,Iron,NV-NX,CLUB
Macgregor,Iron,NVG2,CLUB
Macgregor,Iron,IH-101,CLUB
Macgregor,Iron,IS-101,CLUB
Macgregor,FairwayWood,Gold Tourney,CLUB
Macgregor,FairwayWood,NV-301,CLUB
Macgregor,FairwayWood,NV-201,CLUB
Macgregor,FairwayWood,M59,CLUB
Macgregor,FairwayWood,NV-S,CLUB
Macgregor,FairwayWood,NV-SL,CLUB
Macgregor,FairwayWood,NV-R,CLUB
Macgregor,FairwayWood,NV-F,CLUB
Macgregor,FairwayWood,NV-FL,CLUB
Macgregor,FairwayWood,NV-NX,CLUB
Macgregor,FairwayWood,NV-IX,CLUB
Macgregor,FairwayWood,NVG,CLUB
Macgregor,FairwayWood,NVG2,CLUB
Macgregor,FairwayWood,FH-101,CLUB
Macgregor,FairwayWood,FS-101,CLUB
Macgregor,FairwayWood,SH-101,CLUB
Macgregor,FairwayWood,SS-101,CLUB
Macgregor,Utility,Gold Tourney,CLUB
Macgregor,Utility,NV-301,CLUB
Macgregor,Utility,NV-201,CLUB
Macgregor,Utility,M59,CLUB
Macgregor,Utility,NV-S,CLUB
Macgregor,Utility,NV-SL,CLUB
Macgregor,Utility,NV-R,CLUB
Macgregor,Utility,NV-F,CLUB
Macgregor,Utility,NV-FL,CLUB
Macgregor,Utility,NV-NX,CLUB
Macgregor,Utility,NV-IX,CLUB
Macgregor,Utility,NVG,CLUB
Macgregor,Utility,NVG2,CLUB
Macgregor,Utility,US-101,CLUB
Macgregor,Utility,SOFFIT,CLUB
Macgregor,Wedge,Tourney Silver,CLUB
Macgregor,Wedge,Tourney Black,CLUB
Macgregor,Wedge,WH-101,CLUB
Macgregor,Wedge,Pro MT DW,CLUB
Macgregor,Wedge,V-Foil,CLUB
Macgregor,Putter,Gold Tourney,CLUB
Macgregor,Putter,RESPONSE,CLUB
Macgregor,Putter,IM-G,CLUB
Macgregor,Putter,IM-Z,CLUB
Macgregor,Putter,IM-MT,CLUB
Macgregor,Putter,HERREN,CLUB
Grand Prix,Driver,MGP 0020,CLUB
Grand Prix,Driver,MGP 0030,CLUB
Grand Prix,Driver,FX,CLUB
Grand Prix,Driver,Max Grand Prix Premium,CLUB
Grand Prix,Driver,Max Grand Prix Premium G1 Gold,CLUB
Grand Prix,Driver,Max Grand Prix Premium G2 Black,CLUB
Grand Prix,Driver,Platinum GP-X1,CLUB
Grand Prix,Driver,Platinum GP-X3,CLUB
Grand Prix,Driver,Target GP 460,CLUB
Grand Prix,Driver,Target GP Max,CLUB
Grand Prix,Driver,Target Main S,CLUB
Grand Prix,Driver,Premium G2,CLUB
Grand Prix,Driver,SHURIKEN,CLUB
Grand Prix,Driver,One Minute S7,CLUB
Grand Prix,Driver,One Minute Dimple,CLUB
Grand Prix,Driver,BAHAMA EB-01,CLUB
Grand Prix,Driver,GP-GOT3,CLUB
Grand Prix,Driver,GP-30.1,CLUB
Grand Prix,Iron,GP MAX 555,CLUB
Grand Prix,Iron,GP MAX 888,CLUB
Grand Prix,Iron,MGP-0800,CLUB
Grand Prix,Iron,MGP-0300,CLUB
Grand Prix,Iron,GT-777,CLUB
Grand Prix,Iron,Target PRO-001,CLUB
Grand Prix,Iron,Target PRO-002,CLUB
Grand Prix,Iron,SHURIKEN,CLUB
Grand Prix,Iron,BAHAMA E-501,CLUB
Grand Prix,Iron,BAHAMA E-701,CLUB
Grand Prix,Iron,GP-GOT1,CLUB
Grand Prix,FairwayWood,MGP 0010,CLUB
Grand Prix,FairwayWood,MGP 0020,CLUB
Grand Prix,FairwayWood,GP Max,CLUB
Grand Prix,FairwayWood,GP-X,CLUB
Grand Prix,FairwayWood,GP-GOT3,CLUB
Grand Prix,FairwayWood,GP-30.1,CLUB
Grand Prix,Utility,GP Max,CLUB
Grand Prix,Utility,GP-X,CLUB
Grand Prix,Utility,GP-GOT3,CLUB
Grand Prix,Utility,GP-30.1,CLUB
Grand Prix,Putter,GP Series,CLUB
Grand Prix,Putter,GP Handmade,CLUB
EPON,Driver,AF-102,CLUB
EPON,Driver,AF-103,CLUB
EPON,Driver,AF-152,CLUB
EPON,Driver,AF-153,CLUB
EPON,Driver,RF-460,CLUB
EPON,Driver,504DJ,CLUB
EPON,Driver,ZERO,CLUB
EPON,Driver,ZERO XI,CLUB
EPON,Iron,AF-101,CLUB
EPON,Iron,AF-102,CLUB
EPON,Iron,AF-103,CLUB
EPON,Iron,AF-301,CLUB
EPON,Iron,AF-302,CLUB
EPON,Iron,AF-303,CLUB
EPON,Iron,AF-152,CLUB
EPON,Iron,AF-153,CLUB
EPON,Iron,AF-501,CLUB
EPON,Iron,AF-502,CLUB
EPON,Iron,AF-503,CLUB
EPON,Iron,AF-701,CLUB
EPON,Iron,AF-702,CLUB
EPON,Iron,AF-703,CLUB
EPON,Iron,AF-901,CLUB
EPON,Iron,AF-902,CLUB
EPON,Iron,AF-TOUR,CLUB
EPON,Iron,RF-751,CLUB
EPON,FairwayWood,AF-201,CLUB
EPON,FairwayWood,AF-202,CLUB
EPON,FairwayWood,AF-203,CLUB
EPON,FairwayWood,AF-901,CLUB
EPON,FairwayWood,AF-902,CLUB
EPON,FairwayWood,AF-903,CLUB
EPON,Utility,AF-201,CLUB
EPON,Utility,AF-202,CLUB
EPON,Utility,AF-203,CLUB
EPON,Utility,AF-901,CLUB
EPON,Utility,AF-902,CLUB
EPON,Utility,AF-903,CLUB
EPON,Wedge,213STX,CLUB
EPON,Wedge,210KGX,CLUB
GV-Tour,Driver,V7,CLUB
GV-Tour,Driver,V10,CLUB
GV-Tour,Driver,V11,CLUB
GV-Tour,Driver,G200,CLUB
GV-Tour,Driver,SAKUJI,CLUB
GV-Tour,Driver,TITANALLOY,CLUB
GV-Tour,Driver,X-One,CLUB
GV-Tour,Driver,X-Two,CLUB
GV-Tour,Driver,PARMUS,CLUB
GV-Tour,Driver,SOARING,CLUB
GV-Tour,Driver,M300,CLUB
GV-Tour,Driver,HIDDEN ACE,CLUB
GV-Tour,Iron,ZX-S,CLUB
GV-Tour,Iron,Royal Prime,CLUB
GV-Tour,Iron,NX202,CLUB
GV-Tour,Iron,DAKEFUJI,CLUB
GV-Tour,Iron,X-One,CLUB
GV-Tour,Iron,X-Two,CLUB
GV-Tour,Iron,PARMUS,CLUB
GV-Tour,FairwayWood,V7,CLUB
GV-Tour,FairwayWood,V10,CLUB
GV-Tour,FairwayWood,JTB,CLUB
GV-Tour,FairwayWood,RB-01,CLUB
GV-Tour,FairwayWood,HIDDEN ACE,CLUB
GV-Tour,FairwayWood,HAPS,CLUB
GV-Tour,Utility,V7,CLUB
GV-Tour,Utility,V10,CLUB
GV-Tour,Utility,ZX-S,CLUB
GV-Tour,Utility,JTB,CLUB
GV-Tour,Utility,RB-01,CLUB
GV-Tour,Utility,HIDDEN ACE,CLUB
GV-Tour,Utility,HAPS,CLUB
GV-Tour,Wedge,TEXAS Series,CLUB
GV-Tour,Wedge,JV-3,CLUB
GV-Tour,Wedge,SAKUJI,CLUB
GV-Tour,Wedge,Black Wedge II,CLUB
GV-Tour,Putter,Ghost Tour Black,CLUB
GV-Tour,Putter,HK-450,CLUB
GV-Tour,Putter,HK-550,CLUB
GV-Tour,Putter,JP-300,CLUB
GV-Tour,Putter,JAS-350,CLUB
GV-Tour,Putter,JAS-450,CLUB
GV-Tour,Putter,ZX Black,CLUB
GV-Tour,Putter,PT-101,CLUB
GIGA,Driver,X-FILE 3E,CLUB
GIGA,Driver,X-FILE MARIPOSA,CLUB
GIGA,Driver,X-FILE POWER V,CLUB
GIGA,Driver,X-FILE LD,CLUB
GIGA,Driver,PANTONE,CLUB
GIGA,Driver,XXXX,CLUB
GIGA,Iron,X-FILE,CLUB
GIGA,Iron,X-FILE GOLD,CLUB
GIGA,Iron,X-FILE MARIPOSA,CLUB
GIGA,Iron,PANTONE,CLUB
GIGA,Iron,XXXX,CLUB
GIGA,FairwayWood,X-FILE,CLUB
GIGA,FairwayWood,X-FILE GOLD,CLUB
GIGA,FairwayWood,X-FILE POWER V,CLUB
GIGA,FairwayWood,X-FILE POWER V2,CLUB
GIGA,FairwayWood,PANTONE,CLUB
GIGA,FairwayWood,XXXX,CLUB
GIGA,FairwayWood,X-10RS,CLUB
GIGA,FairwayWood,XF,CLUB
GIGA,FairwayWood,XF II,CLUB
GIGA,FairwayWood,XF III,CLUB
GIGA,FairwayWood,New XF,CLUB
GIGA,Utility,X-FILE,CLUB
GIGA,Utility,X-FILE GOLD,CLUB
GIGA,Utility,X-FILE POWER V,CLUB
GIGA,Utility,X-FILE POWER V2,CLUB
GIGA,Utility,PANTONE,CLUB
GIGA,Utility,XXXX,CLUB
GIGA,Utility,X-10RS,CLUB
GIGA,Utility,RED,CLUB
GIGA,Putter,Silver Blade ZN,CLUB
GIGA,Putter,Birdie Men,CLUB
GIGA,Putter,Sixty Niners,CLUB
GIGA,Putter,TS-101,CLUB
David,Driver,D2,CLUB
David,Driver,XS-470,CLUB
David,Driver,EZ-460,CLUB
David,Driver,EZ X,CLUB
David,Driver,DX-460,CLUB
David,Driver,ASCEND,CLUB
David,Iron,XS-1,CLUB
David,Iron,ASCEND,CLUB
David,FairwayWood,DV-White,CLUB
David,FairwayWood,DV-Black,CLUB
David,FairwayWood,DF9,CLUB
David,FairwayWood,EZ,CLUB
David,FairwayWood,EZ2,CLUB
David,FairwayWood,EZ200,CLUB
David,FairwayWood,EZ X,CLUB
David,FairwayWood,XS-1,CLUB
David,FairwayWood,XS-130,CLUB
David,FairwayWood,XS-210,CLUB
David,FairwayWood,YEPPU,CLUB
David,FairwayWood,HIGHST M3,CLUB
David,FairwayWood,New DFX,CLUB
David,Utility,DV-White,CLUB
David,Utility,DV-Black,CLUB
David,Utility,D2,CLUB
David,Utility,DF9,CLUB
David,Utility,Woody Iron,CLUB
David,Utility,EZ X,CLUB
David,Utility,New DFX,CLUB
David,Utility,New XS-1,CLUB
David,Utility,HIGHST EZ,CLUB
David,Utility,XS-1,CLUB
David,Utility,XS-130,CLUB
David,Putter,XS-101,CLUB
David,Putter,XS-505,CLUB
David,Putter,ASCEND,CLUB
Bang,Driver,ST539,CLUB
Bang,Driver,Tail,CLUB
Bang,Driver,Yellow,CLUB
Bang,Driver,LD425,CLUB
Bang,Driver,LD460,CLUB
Bang,Driver,LD470,CLUB
Bang,Driver,ST539,CLUB
Bang,Driver,Bangster OL,CLUB
Bang,Driver,Bang O Matic,CLUB
Bang,FairwayWood,Yellow,CLUB
Bang,FairwayWood,Long Distance,CLUB
Bang,Utility,O Matic Hybrid,CLUB
Bang,Utility,Long Distance,CLUB
Bang,Wedge,Funjoy,CLUB
Gauge Design,FairwayWood,GAF,CLUB
Gauge Design,FairwayWood,GFT,CLUB
Gauge Design,Wedge,D-Milled,CLUB
Gauge Design,Wedge,N.C.G,CLUB
Gauge Design,Wedge,G-Field,CLUB
Gauge Design,Wedge,GAS1,CLUB
Gauge Design,Wedge,GAS2,CLUB
Gauge Design,Putter,Classic Series,CLUB
Gauge Design,Putter,G2-Mill,CLUB
Gauge Design,Putter,GM-1,CLUB
Gauge Design,Putter,GM-2,CLUB
Gauge Design,Putter,GS-01,CLUB
Gauge Design,Putter,G-Field Series,CLUB
Gauge Design,Putter,Little Dog,CLUB
Gauge Design,Putter,Type M5,CLUB
Nickent,Driver,INVENTOR,CLUB
Nickent,Driver,5GX,CLUB
Nickent,Driver,4DX EVOLVER,CLUB
Nickent,Driver,3DX GENEX,CLUB
Nickent,Driver,GENEX TRIMAX 460,CLUB
Nickent,Iron,3DX,CLUB
Nickent,Iron,5GX,CLUB
Nickent,FairwayWood,3DX,CLUB
Nickent,FairwayWood,5GX,CLUB
Nickent,FairwayWood,F30 Ti,CLUB
Nickent,Utility,3DX,CLUB
Nickent,Utility,5GX,CLUB
Nickent,Utility,F30 Ti,CLUB
Nickent,Utility,SPIDER,CLUB
Nickent,Utility,MONSTER,CLUB
Nickent,Utility,New 3DX,CLUB
Nickent,Wedge,3DX GENEX,CLUB
Nickent,Putter,Omen Tour Series,CLUB
Nickent,Putter,ZETTICA,CLUB
Nickent,Putter,VIENNA,CLUB
Nickent,Putter,PIPE II,CLUB
E2,Driver,EMAX 2,CLUB
E2,Driver,EMAX 4G,CLUB
E2,Driver,EMAX Black,CLUB
E2,Driver,EMAX KIN,CLUB
E2,Driver,NEW EMAX,CLUB
E2,Driver,SILVER Edition,CLUB
E2,Iron,EMAX 2 Forged,CLUB
E2,Iron,EMAX Black Label,CLUB
E2,Iron,New EXFEEL,CLUB
E2,Iron,New EXFEEL TRUETEMPER,CLUB
E2,Iron,NZIN,CLUB
E2,FairwayWood,EMAX 2,CLUB
E2,FairwayWood,EMAX Black Label,CLUB
E2,FairwayWood,New EXFEEL,CLUB
E2,FairwayWood,NZIN,CLUB
E2,Utility,EXFEEL,CLUB
E2,Utility,EMAX Black Label,CLUB
E2,Utility,EFFECT,CLUB
E2,Utility,NZIN,CLUB
Ben Hogan,Driver,Big Ben C.S.3,CLUB
Ben Hogan,Iron,Apex Edge,CLUB
Ben Hogan,Iron,BH-5,CLUB
Ben Hogan,FairwayWood,Big Ben C455,CLUB
Ben Hogan,Utility,CFT3,CLUB
Ben Hogan,Utility,CFT4,CLUB
S-Yard,Driver,X-LITE,CLUB
S-Yard,Driver,X-LITE HI-COR,CLUB
S-Yard,Driver,SENFINA,CLUB
S-Yard,Driver,NEW SENFINA,CLUB
S-Yard,Driver,EXELIGHT,CLUB
S-Yard,Driver,NEW EXELIGHT,CLUB
S-Yard,Driver,PREMIUM EXELIGHT,CLUB
S-Yard,Driver,STARK HI-COR,CLUB
S-Yard,Driver,T388,CLUB
S-Yard,Driver,XT HI-COR,CLUB
S-Yard,Driver,TX-1,CLUB
S-Yard,Driver,TX-2,CLUB
S-Yard,Driver,TX-T,CLUB
S-Yard,Driver,TX-V,CLUB
S-Yard,Driver,T-301,CLUB
S-Yard,Driver,T-302,CLUB
S-Yard,Driver,GT Series,CLUB
S-Yard,Driver,ACROCLASS Series,CLUB
S-Yard,Iron,X-LITE,CLUB
S-Yard,Iron,SENFINA,CLUB
S-Yard,Iron,NEW SENFINA,CLUB
S-Yard,Iron,EXELIGHT,CLUB
S-Yard,Iron,NEW EXELIGHT,CLUB
S-Yard,Iron,PREMIUM EXELIGHT,CLUB
S-Yard,Iron,GF-1,CLUB
S-Yard,Iron,U-X,CLUB
S-Yard,Iron,U-21,CLUB
S-Yard,Iron,U-101,CLUB
S-Yard,Iron,TX-V,CLUB
S-Yard,Iron,XT,CLUB
S-Yard,Iron,XV,CLUB
S-Yard,Iron,GT Series,CLUB
S-Yard,Iron,ACROCLASS Series,CLUB
S-Yard,FairwayWood,X-LITE,CLUB
S-Yard,FairwayWood,SENFINA,CLUB
S-Yard,FairwayWood,NEW SENFINA,CLUB
S-Yard,FairwayWood,EXELIGHT,CLUB
S-Yard,FairwayWood,NEW EXELIGHT,CLUB
S-Yard,FairwayWood,PREMIUM EXELIGHT,CLUB
S-Yard,FairwayWood,TX-V,CLUB
S-Yard,FairwayWood,XV,CLUB
S-Yard,FairwayWood,MA Type-W,CLUB
S-Yard,FairwayWood,Type F-1,CLUB
S-Yard,FairwayWood,Type B-1,CLUB
S-Yard,FairwayWood,Type A-1,CLUB
S-Yard,FairwayWood,GT Series,CLUB
S-Yard,FairwayWood,ACROCLASS Series,CLUB