location1,location2,fullLocation,fieldName,membershipType,holeNumber,courseName,courseSize,greenFee,cartFee,caddieFee,fieldUrl,contact,type
경기 북부,경기 가평,경기도 가평군 상면 상동리 산52,가평베네스트,회원제,27,파인/버치/메이플,"12,484M/13,653YD","50,000원 ~ 250,000원",90000,120000,http://www.golfsamsung.com,031-589-8000,FIELD
경기 북부,경기 고양,경기도 고양시 덕양구 도내동 457-1,고양,퍼블릭,9,고양,"2,922M/3,196YD","120,000원 ~ 160,000원",80000,120000,http://www.goyangcc.com,031-960-7719,FIELD
경기 북부,경기 남양주,경기도 남양주군 진접읍 팔야로 280,광릉포레스트,회원제,18,글렌/파인,"6,463M/7,068YD","75,000원 ~ 230,000원",80000,120000,http://www.kwangneungcc.co.kr,031-528-7001,FIELD
경기 북부,경기 남양주,경기도 남양주군 진접읍 팔야로 280,광릉포레스트,퍼블릭,9,OUT,"1,282M/1,403YD","60,000원 ~ 80,000원",20000,-,http://www.kwangneungcc.co.kr,031-528-7400,FIELD
경기 북부,경기 남양주,경기도 남양주시 오남읍 산 171-3,남양주,퍼블릭,9,OUT,"6,461M/7,066YD","110,000원 ~ 154,000원",80000,120000,http://www.namyangjucc.co.kr,031-529-6060,FIELD
경기 북부,경기 남양주,경기도 남양주시 화도읍 차산리 산 111-1,남양주해비치,회원제,18,OUT/IN,"6,649M/7,271YD","50,000원 ~ 250,000원",80000,120000,http://www.haevichi.com,031-579-3000,FIELD
경기 북부,경기 고양,경기도 고양시 덕양구 신원동 227-12,뉴코리아,회원제,18,OUT/IN,"6,452M/7,056YD","55,000원 ~ 210,000원",80000,120000,http://www.newkoreacc.co.kr,02-353-0091,FIELD
경기 북부,경기 양평,경기도 양평군 양동면 고송1리 194,더스타휴,회원제,18,스타/휴,"6,594M/7,211YD","23,000원 ~ 220,000원",90000,120000,http://www.thestarhue.com,031-770-9900,FIELD
경기 북부,경기 파주,경기도 파주시 광탄면 분수리 1-1,데니스(구 베스트밸리),퍼블릭,9,OUT,"3,235M/3,538YD","120,000원 ~ 160,000원",80000,120000,http://www.bestvalleygc.com,031-950-7777,FIELD
경기 북부,경기 포천,경기도 포천시 일동면 화동로 738,락가든,퍼블릭,9,락가든,"3,235M/3,538YD","100,000원 ~ 160,000원",-,-,http://www.rockgarden.kr,031-539-5932,FIELD
경기 북부,경기 양주,경기도 양주시 만송동 555,레이크우드(구 로얄),회원제,72,뉴/북/중/남/물길/꽃길/산길/숲길,"9,479M/10,366YD","65,000원 ~ 220,000원",80000,120000,http://www.lakewood.co.kr,031-820-1500,FIELD
경기 북부,경기 가평,경기도 가평군 하면 하판리 산90,리앤리,퍼블릭,18,레이크/하이랜드,"6,508M/7,117YD","140,000원 ~ 180,000원",80000,120000,http://www.leenleecc.co.kr/,031-580-9000,FIELD
경기 북부,경기 가평,경기도 가평군 설악면 이천리 240,마이다스밸리,회원제,18,마이다스/밸리,"6,460M/7,065YD","23,000원 ~ 240,000원",80000,120000,http://www.midasgolf.co.kr/,031-589-9000,FIELD
경기 북부,경기 포천,경기도 포천시 영북면 산정리 558-1,몽베르,회원제,36,에떼/브렝땅/오똔/이베르,"12,892M/14,099YD","55,000원 ~ 180,000원",80000,120000,http://www.motvertcc.com/,031-531-1100,FIELD
경기 북부,경기 포천,경기도 포천시 내촌면 소학리 295,베어스타운,퍼블릭,9,OUT,"2,643M/2,890YD","18,000원 ~ 50,000원",40000,-,http://www.bearstown.com/,031-540-5116,FIELD
경기 북부,경기 포천,경기도 포천시 화현면 지현리 산2-1,베어크리크,퍼블릭,36,베어IN/베어OUT/크리크IN/크리크OUT,"13,240M/14,479YD","140,000원 ~ 190,000원",80000,120000,http://www.bearcreek.co.kr/,031-539-5700,FIELD
경기 북부,경기 남양주,경기도 남양주시 화도읍 마치로 226-220,비전힐스,회원제,18,이스트/웨스트,"6,358M/6,953YD","22,620원 ~ 180,000원",80000,120000,http://www.visionhillscc.co.kr/,031-595-3355,FIELD
경기 북부,경기 파주,경기도 파주시 광탄면 용미리 산79-1,서서울,회원제,18,레이크/힐,"6,300M/6,890YD","70,000원 ~ 220,000원",80000,120000,http://www.seoseoul.co.kr/,031-943-4103,FIELD
경기 북부,경기 고양,경기도 고양시 덕양구 원당동 198-114,서울,회원제,36,NEW A/NEW B/OLD A/OLD B,"12,237M /13,383YD","39,000원 ~ 210,000원",80000,120000,http://www.seoulcc.co.kr/,031-969-0810,FIELD
경기 북부,경기 파주,경기도 파주시 광탄면 발랑리 48-1,서원밸리,회원제,18,서원/밸리,"6,140M/6,715YD","22,620원 ~ 210,000원",80000,120000,http://www.seowongolf.co.kr/,031-940-9400,FIELD
경기 북부,경기 파주,경기도 파주시 광탄면 발랑리 48-1,서원힐스,퍼블릭,27,이스트/웨스트/사우스,"6,736M/7,367YD","160,000원 ~ 220,000원",80000,120000,http://www.seowongolf.co.kr/,031-940-9400,FIELD
경기 북부,경기 양주,경기도 양주시 광적면 비암리 산23-1,송추,회원제,18,이스트/웨스트,"6,428M/7,030YD","41,000원 ~ 240,000원",80000,120000,http://www.songchoo.co.kr/,031-871-9410,FIELD
경기 북부,경기 파주,경기도 파주시 법원읍 보광로 1616,스마트KU골프파빌리온,퍼블릭,27,혼솔/미쁨/바른,"8,944M/9,781YD","140,000원 ~ 180,000원",80000,120000,http://kugolf.co.kr/,031-930-1600,FIELD
경기 북부,경기 가평,경기도 가평군 하면 하판리 산162-1,썬힐,회원제,27,힐/파인/썬/밸리,"13,076M/14,300YD","23,000원 ~ 195,000원",76000,120000,http://www.sunhillgolf.co.kr/,031-585-7900,FIELD
경기 북부,경기 가평,경기도 가평군 설악면 유영로 961-34,아난티클럽서울(구 리츠칼튼),회원제,27,느티나무/자작나무/잣나무,"7,062M/7,723YD","22,620원 ~ 245,000원",80000,120000,http://www.ananticlub.com/,031-589-3000,FIELD
경기 북부,경기 남양주,경기도 남양주시 화도읍 금남리 300,양주,회원제,18,동/서,"6,298M/6,888 YD","75,000원 ~ 240,000원",80000,120000,-,031-592-6060,FIELD
경기 북부,경기 양평,경기도 양평군 지평면 대평리 산112,양평TPC,회원제,27,루나/솔라/스텔라,"9,506M/10,396YD","23,000원 ~ 218,000원",80000,120000,http://www.tpcgolf.co.kr/,031-772-3000,FIELD
경기 북부,경기 고양,경기도 고양시 덕양구 벽제동 456,올림픽,퍼블릭,9,OUT,"3,335M/3,647YD","120,000원 ~ 140,000원",80000,120000,http://olympicsports.co.kr/,031-962-0101,FIELD
경기 북부,경기 포천,경기도 포천시 일동면 유동리 21-2,일동레이크,회원제,18,마운틴/힐,"7,209M/7,884YD","45,000원 ~ 230,000원",80000,120000,http://www.ildonglakes.co.kr/,031-539-5900,FIELD
경기 북부,경기 고양,경기도 고양시 덕양구 주교동 1500,스프링힐스,퍼블릭,9,OUT,"2,931M/3,205YD","120,000원 ~ 160,000원",80000,120000,http://www.springhills.co.kr/,031-969-2000,FIELD
경기 북부,경기 파주,경기도 파주시 조리읍 장곡리 47-1,제이퍼블릭,퍼블릭,6,OUT,"1,854M/2,028YD","70,000원 ~ 90,000원",40000,60000,http://www.jpublic.co.kr/,031-8071-0808,FIELD
경기 북부,경기 포천,경기도 포천시 설운동 산38,참밸리,퍼블릭,18,퀸스/밸리,"6,403M/7,002YD","130,000원 ~ 180,000원",80000,120000,http://charmvalley.cc/,1899-6200,FIELD
경기 북부,경기 가평,경기도 가평군 상면 항사리 산 36-2,크리스탈밸리,회원제,18,크리스탈/밸리,"6,519M/7,130YD","22,620원 ~ 230,000원",80000,120000,http://www.crystalvalley.co.kr/,031-589-5000,FIELD
경기 북부,경기 파주,경기도 파주시 법원읍 웅담리 105-3,타이거,회원제,18,가온/누리,"6,386M/6,984YD","85,000원 ~ 240,000원",80000,120000,http://www.tigercc.co.kr/,031-958-8900,FIELD
경기 북부,서울 노원,서울시 노원구 화랑로 574,태릉,회원제,18,화랑/을지,"6,249M/6,834YD","33,000원 ~ 182,000원",80000,120000,http://www.welfare.mil.kr,02-970-7320,FIELD
경기 북부,경기 동두천,경기도 동두천시 하봉암동 산33-1,티클라우드,회원제,18,비체/해밀,"6,453M/7,057YD","22,620원 ~ 210,000원",80000,120000,http://www.teecloud.co.kr,031-869-7770,FIELD
경기 북부,경기 파주,경기도 파주시 법원읍 갈곡리 359-1,파주,퍼블릭,18,이스트/웨스트,"6,475M/7,081YD","90,000원 ~ 120,000원",80000,120000,http://www.pajucc.com,031-959-9999,FIELD
경기 북부,경기 파주,경기도 파주시 광탄면 기산리 쇠장 이길 265,파주프리스틴밸리,퍼블릭,18,프리스틴/밸리,"6,592M/7,209YD","140,000원 ~ 200,000원",80000,120000,http://www.ppgc.co.kr,031-950-6900,FIELD
경기 북부,경기 포천,경기도 포천시 화현면 명덕리 산 115,포레스트힐,퍼블릭,24,락/힐/포레스트,"11,172M/12,218YD","60,000원 ~ 170,000원",80000,120000,http://www.foresthill.kr,031-530-8888,FIELD
경기 북부,경기 포천,경기도 포천시 신북면 삼성당리 460-2,포천아도니스,회원제,27,서/중/동,"9,602M/10,501YD","22,620원 ~ 200,000원",80000,120000,http://www.adoniscc.co.kr,031-530-9100,FIELD
경기 북부,경기 포천,경기도 포천시 신북면 삼성당리 460-2,포천아도니스,퍼블릭,9,OUT,,"50,000원 ~ 65,000원",20000,-,http://www.adoniscc.co.kr,031-530-9100,FIELD
경기 북부,경기 포천,경기도 포천시 군내면 상성북리 34-1,포천힐스,퍼블릭,27,캐슬/팰리스/가든,"6,473M/7,079YD","120,000원 ~ 180,000원",80000,120000,http://www.fortunehills.co.kr,031-538-7000,FIELD
경기 북부,경기 포천,경기도 포천시 가산면 우금리 579,푸른솔포천,퍼블릭,27,마운틴/밸리/레이크,"10,158M/11,109YD","140,000원 ~ 200,000원",80000,120000,http://www.purunsolgc.co.kr,031-850-6000,FIELD
경기 북부,경기 가평,경기도 가평군 설악면 이천리 산2-12,프리스틴밸리,회원제,18,프리스틴/밸리,"6,320M/6,912YD","22,620원 ~ 245,000원",80000,120000,http://pristinevalley.co.kr,031-589-2000,FIELD
경기 북부,경기 포천,경기도 포천시 일동면 기산리 산142-1,필로스,회원제,27,동/서/남,"9,167M/10,025YD","22,620원 ~ 200,000원",80000,120000,http://www.philosgc.com,031-531-2003,FIELD
경기 북부,경기 고양,경기도 고양시 덕양구 원당동 198-114,한양,회원제,36,NEW OUT/NEW IN/OLD OUT/OLD IN ,"12,237M/13,383YD","39,000원 ~ 220,000원",80000,120000,http://www.hanyangcc.com,031-969-0810,FIELD
경기 남부,경기 여주,경기도 여주군 강천면 부평리 산 59-3,360도,퍼블릭,18,OUT/IN,"10,022M/10,960YD","140,000원 ~ 200,000원",80000,120000,http://www.360cc.co.kr,031-880-3600,FIELD
경기 남부,경기 용인,경기도 용인시 기흥구 청덕동 80-2,88,회원제,36,동 OUT/동 IN/서 OUT/서 IN ,"12,911M/14,120YD","65,000원 ~ 230,000원",80000,120000,http://www.88countryclub.co.kr,031-287-8811,FIELD
경기 남부,경기 광주,경기도 광주시 목동497-6,강남300,회원제,18,OUT/IN,"6,344M/6,938YD","45,000원 ~ 260,000원",90000,120000,http://www.kn300.com,031-719-0300,FIELD
경기 남부,경기 광주,경기도 광주시 도척면 도웅리 산540,곤지암,회원제,18,마운틴/레이크,"6,702M/7,329YD","22,620원 ~ 240,000원",80000,120000,https://konjiam.lg.co.kr,031-760-3417,FIELD
경기 남부,경기 용인,경기도 용인시 기흥구 고매동 5-48,골드,회원제,36,챔피온 OUT/챔피온 IN/마스터 OUT/마스터 IN ,"12,562M/13,738YD","66,000원 ~ 230,000원",90000,120000,http://www.kgav.com,031-286-8111,FIELD
경기 남부,경기 안성,경기도 안성시 보개면 북가현리 산 65-1,골프존카운티안성H,퍼블릭,18,레이크/힐,"6,482M/7,089YD","110,000원 ~ 220,000원",80000,120000,http://www.golfzoncounty.com,031-8056-0700,FIELD
경기 남부,경기 안성,경기도 안성시 죽산면 장계리 711,골프존카운티안성Q,퍼블릭,18,팜파스/밸리,"6,648M/7,270YD","120,000원 ~ 220,000원",80000,120000,http://www.golfzoncounty.com,031-8046-7000,FIELD
경기 남부,경기 안성,경기도 안성시 양성면 교동길 19-70,골프존카운티안성W,퍼블릭,18,OUT/IN,"5,529M/6,047YD","110,000원 ~ 220,000원",80000,120000,http://www.golfzoncounty.com,031-6700-500,FIELD
경기 남부,경기 광주,경기도 광주시 실촌읍 이선리 208-2,그린힐,회원제,18,OUT/IN,"6,510M/7,119YD","98,000원 ~ 220,000원",80000,120000,http://www.shinancc.co.kr,02-3467-0992,FIELD
경기 남부,경기 용인,경기도 용인시 처인구 포곡읍 전대리 310,글렌로스,퍼블릭,9,OUT/IN,"6,109M/6,580YD","160,000원 ~ 220,000원",80000,120000,http://www.golfsamsung.com,031-320-9600,FIELD
경기 남부,경기 여주,경기도 여주군 가남면 본두리 1-2,금강,회원제,27,동/서/남,"6,420M/7,021YD","23,000원 ~ 220,000원",80000,120000,http://www.kccgolf.co.kr,031-880-6000,FIELD
경기 남부,경기 화성,경기도 화성시 동탄면 신리 산46-1,기흥,회원제,36,동/서/남/북,"12,488M/13,657YD","65,000원 ~ 240,000원",80000,120000,http://www.ghcc.kr,031-376-4001,FIELD
경기 남부,경기 김포,경기도 김포시 월곶면 포내리 220-6,김포시사이드,회원제,18,남/서,"6,484M/7,091YD","70,000원 ~ 225,000원",88000,120000,https://www.gimpocc.co.kr,031-987-9992,FIELD
경기 남부,경기 용인,경기도 용인시 기흥구 보라동 1-35,남부,회원제,18,OUT/IN,"6,503M/7,112YD","70,000원 ~ 240,000원",80000,120000,http://www.namboocc.co.kr,031-280-4100,FIELD
경기 남부,경기 화성,경기도 화성시 송산동 170,남수원체력단련장,회원제,18,한라/백두,"6,191M/6,771YD","33,000원 ~ 165,000원",80000,120000,http://www.welfare.mil.kr,031-229-9300,FIELD
경기 남부,경기 여주,경기도 여주군 여주읍 하거리 산64-1,남여주,퍼블릭,27,마루/누리/가람,"6,461M/7,066YD","65,000원 ~ 125,000원",80000,120000,https://www.namyeoju.co.kr,031-880-6700,FIELD
경기 남부,경기 광주,경기도 광주시 실촌읍 이선리 510,남촌,회원제,18,동/서,"6,525M/7,136YD","22,620원 ~ 260,000원",90000,120000,http://www.namchoncc.co.kr,031-769-0333,FIELD
경기 남부,경기 광주,경기도 광주시 삼동 1,뉴서울,회원제,36,북 OUT/북 IN/남 OUT/남 IN ,"12,720M/13,911YD","65,000원 ~ 230,000원",80000,120000,http://www.newseoulgolf.co.kr,031-762-5672,FIELD
경기 남부,경기 이천,경기도 이천시 모가면 두미리 산 76,뉴스프링빌,회원제,36,록키/알프스/올림프스/몽블랑 ,"12,404M/13,565YD","55,000원 ~ 210,000원",80000,120000,http://www.newspring.co.kr,031-630-7500,FIELD
경기 남부,경기 이천,경기도 이천시 모가면 두미리 산 76,뉴스프링빌,퍼블릭,9,와이트혼,"2,180M/2,384YD","48,000원 ~ 61,000원",-,-,http://www.newspring.co.kr,031-630-7500,FIELD
경기 남부,경기 이천,경기도 이천시 대월면 도리리 66,더반,퍼블릭,9,OUT,"6,010M/6,573YD","100,000원 ~ 160,000원",80000,120000,http://www.theban.co.kr,031-645-6100,FIELD
경기 남부,경기 화성,경기도 화성시 봉담읍 덕리 421,덕산대체력단련장,회원제,9,OUT,"3,010M/3,292YD","13,000원 ~ 85,000원",60000,100000,http://welfare.navy.mil.kr,031-8012-2712,FIELD
경기 남부,경기 여주,경기도 여주시 가남읍 그랜드그린길 107,동여주체력단련장,회원제,18,OUT/IN,"9,444M/10,328YD","33,000원 ~ 145,000원",80000,120000,http://www.welfare.mil.kr,031-887-7000,FIELD
경기 남부,인천 중구,인천광역시 중구 운서동 2508-24,드림듄스,퍼블릭,7,OUT,"1,363M/1,491YD","58,000원 ~ 100,000원",40000,-,http://www.sky72.com,1644-7222,FIELD
경기 남부,인천 서구,인천광역시 서구 거월로 61(백석동 58),드림파크,퍼블릭,36,드림 OUT/드림 IN/파크 OUT/파크 IN ,"13,065M/14,288YD","50,000원 ~ 120,000원",80000,120000,http://www.dreamparkcc.or.kr,032-560-1700,FIELD
경기 남부,경기 화성,경기도 화성시 정남면 보통일 1414-39,라비돌,퍼블릭,9,OUT,"2,521M/2,757YD","53,000원 ~ 68,000원",24000,120000,http://www.laviedorresort.co.kr,031-352-7150,FIELD
경기 남부,경기 용인,경기도 용인시 처인구 모현면 능원리 산5-12,레이크사이드,회원제,54,동 OUT/동 IN/남 OUT/남 IN/서 OUT/서 IN,"19,952 M /21,820 YD","50,000원 ~ 260,000원",80000,120000,http://www.lakeside.kr,031-334-2111,FIELD
경기 남부,경기 안성,경기도 안성시 양성면 산정리 산5-1,레이크힐스 안성,퍼블릭,9,OUT,"3,074M/3,362YD","50,000원 ~ 160,000원",68000,120000,http://lakehills.co.kr,031-674-8366,FIELD
경기 남부,경기 용인,경기도 용인시 처인구 남사면 창리 산 103-3,레이크힐스 용인,회원제,27,루비/사파이어/다이아몬드,"10,602M/11,594YD","42,000원 ~ 260,000원",90000,120000,http://lakehills.co.kr,031-336-8350,FIELD
경기 남부,경기 여주,경기도 여주군 산북면 상품리 산 108,렉스필드,회원제,27,마운틴/밸리/레이크,"9,542M/10,435YD","22,620원 ~ 250,000원",90000,120000,http://www.rexfield.com,031-880-0300,FIELD
경기 남부,경기 화성,경기도 화성시 동탄면 오산리 435-2,리베라,회원제,36,체리힐/파인힐/레이크/밸리 ,,"25,000원 ~ 230,000원",80000,120000,http://www.shinancc.co.kr,031-376-6711,FIELD
경기 남부,경기 화성,경기도 화성시 마도면 고모리 625-2,링크나인,퍼블릭,9,OUT,"2,716M/2,970YD","100,000원 ~ 140,000원",80000,110000,http://www.linknine.co.kr,031-831-0900,FIELD
경기 남부,경기 안성,경기도 안성시 양성면 노곡리 123,마에스트로,회원제,18,레이크/밸리,"6,600M/7,218YD","32,620원 ~ 230,000원",100000,120000,http://www.maestrocc.co.kr,031-909-1001,FIELD
경기 남부,경기 화성,경기도 화성시 팔탄면 화당리 116,발리오스(구 발안),회원제,18,동/서,"6,406M/7,006YD","25,000원 ~ 230,000원",80000,120000,http://baliosgc.com,031-352-5061,FIELD
경기 남부,경기 화성,경기도 화성시 팔탄면 화당리 116,발리오스(구 발안),퍼블릭,9,남,"2,935M/3,210YD","90,000원 ~ 115,000원",80000,120000,http://baliosgc.com,031-352-5061,FIELD
경기 남부,인천 서구,인천광역시 서구 경서동 836-90,베어즈베스트,퍼블릭,27,오스트랄아시아/유럽/미국,"9,525M/1,0417YD","210,000원 ~ 260,000원",90000,120000,https://www.bearsbestcheongnagc.com,032-560-2000,FIELD
경기 남부,경기 광주,경기도 광주시 실촌읍 오향리 156-1,블루버드,회원제,18,파인힐/오크힐,"6,335M/6,928YD","55,000원 ~ 240,000원",90000,120000,https://www.bluebirdcc.co.kr,031-762-0888,FIELD
경기 남부,경기 용인,경기도 용인시 처인구 원삼면 산38,블루원용인(구 태영),회원제,18,서/중,"9,350M/10,225YD","60,000원 ~ 230,000원",80000,120000,http://www.blueone.com/golf/yongin,031-330-9700,FIELD
경기 남부,경기 용인,경기도 용인시 처인구 원삼면 산38,블루원용인(구 태영),퍼블릭,9,동,"9,350M/10,225YD","130,000원 ~ 160,000원",80000,120000,http://www.blueone.com/golf/yongin,031-330-9700,FIELD
경기 남부,경기 여주,경기도 여주군 대신면 상구리 11-1,블루헤런,회원제,18,동/서,"6,332M/6,925YD","55,000원 ~ 195,000원",80000,120000,http://www.blueheron.co.kr,031-880-0700,FIELD
경기 남부,경기 이천,경기도 이천시 진상미로 1700-29,비승대 체력단련장,회원제,9,OUT,"4,979M/5,445YD","13,000원 ~ 80,000원",-,-,https://www.armywelfaregolf.mil.kr,031-644-5582,FIELD
경기 남부,경기 이천,경기도 이천시 모가면 어농리 산86,비에이비스타,회원제,63,몬티/벨라/보나/비스타/라고,"13,326M/14,573YD","45,120원 ~ 242,500원",90000,120000,https://www.bavista.co.kr,031-636-3577,FIELD
경기 남부,경기 여주,경기도 여주군 가남면 송림리 214번지,빅토리아,퍼블릭,9,OUT,"3,006 M /3,287 YD","100,000원 ~ 140,000원",80000,120000,,1688-8400,FIELD
경기 남부,경기 용인,경기도 용인시 처인구 성산로 57,선봉대 체력단련장,회원제,9,OUT,"2,827M/3,092YD","13,000원 ~ 83,000원",48000,-,https://www.armywelfaregolf.mil.kr,031-331-6734,FIELD
경기 남부,경기 여주,경기도 여주군 여주읍 오금리 422-3,세라지오,회원제,18,세라/지오,"6,741M/7,372YD","22,620원 ~ 230,000원",80000,120000,http://www.ceragio.com,031-887-8700,FIELD
경기 남부,경기 여주,경기도 여주군 점동면 현수리 산13,소피아그린,퍼블릭,27,마운틴/레이크/밸리,"9,581M/10,478YD","90,000원 ~ 190,000원",80000,120000,https://www.sophiagreen.co.kr,031-887-8100,FIELD
경기 남부,경기 여주,경기도 여주군 가남면 양귀리 산69,솔모로,회원제,36,메이플/체리/파인/퍼시먼,"12,666M/13,852YD","70,000원 ~ 220,000원",80000,120000,http://www.solmoro.com,031-884-7000,FIELD
경기 남부,경기 시흥,경기도 시흥시 마유로 987,솔트베이,퍼블릭,18,OUT/IN,"6,520M/7,130YD","120,000원 ~ 240,000원",80000,120000,http://www.saltbay.co.kr,031-400-0000,FIELD
경기 남부,인천 연수,인천광역시 연수구 동춘동 844-1,송도,퍼블릭,8,OUT,"1,528M/1,671YD","30,000원 ~ 45,000원",42000,32000,http://www.songdogolf.co.kr,032-833-0500,FIELD
경기 남부,경기 용인,경기도 용인시 기흥구 구갈동 313,수원,회원제,36,NEW OUT/NEW IN/OLD OUT/OLD IN ,"12,956M/14,169YD","70,000원 ~ 240,000원",80000,120000,http://www.suwoncc.co.kr,031-281-6611,FIELD
경기 남부,경기 수원,경기도 수원시 권선구 경수대로168번길 77,수원 체력단련장,회원제,9,OUT,"6,248M/6,833YD","9,000원 ~ 108,000원",40000,-,http://www.airforce.mil.kr,031-220-4595,FIELD
경기 남부,경기 여주,경기도 여주군 북내면 운촌리 산40,스카이밸리,회원제,36,스카이/밸리/레이크/마운틴 ,"12,556M/13,731YD","22,620원 ~ 220,000원",80000,120000,http://www.skyvalley.co.kr,031-880-0011,FIELD
경기 남부,경기 여주,경기도 여주군 북내면 덕산리 산3-1,신라,퍼블릭,27,서/남/동,"9,560M/10,455YD","70,000원 ~ 200,000원",80000,120000,http://www.shillacc.com,031-886-3030,FIELD
경기 남부,경기 안성,경기도 안성시 고삼면 가유리 787,신안,회원제,18,애플/토마토,"3,882M/4,245YD","25,000원 ~ 230,000원",80000,120000,http://www.shinancc.co.kr,031-673-8853,FIELD
경기 남부,경기 안성,경기도 안성시 고삼면 가유리 787,신안,퍼블릭,9,오렌지,"3,882M/4,245YD","170,000원 ~ 210,000원",80000,120000,http://www.shinancc.co.kr,031-673-8853,FIELD
경기 남부,경기 용인,경기도 용인시 처인구 이동면 묵리 49-1,신원,회원제,27,에벤에셀/솔로몬/데이비드,"9.467M/10,354YD","24,000원 ~ 240,000원",80000,120000,http://www.swcc.co.kr,031-322-8400,FIELD
경기 남부,경기 이천,경기도 이천시 율면 임오산로 200번길 56-222,실크밸리,퍼블릭,27,밸리/레이크/실크,"9,870M/10,794YD","135,000원 ~ 195,000원",80000,120000,http://silkvalleygc.co.kr,031-639-0077,FIELD
경기 남부,경기 용인,경기도 용인시 처인구 백암면 고안리 633-4,써닝포인트,퍼블릭,18,포인트/썬,"6,593M/7,210YD","90,000원 ~ 220,000원",80000,120000,https://www.sunningpoint.com,031-329-0800,FIELD
경기 남부,경기 여주,경기도 여주군 가남면 양귀리 217-1,아리지,퍼블릭,27,해님/달님/별님,"9,437M/10,320YD","120,000원 ~ 190,000원",80000,120000,https://www.ariji.co.kr,031-887-5678,FIELD
경기 남부,경기 시흥,경기도 시흥시 월곶동 330-6,아세코밸리,퍼블릭,9,OUT,"2,658M/2,907YD","120,000원 ~ 140,000원",80000,120000,http://www.asecovalley.com,031-319-5566,FIELD
경기 남부,경기 용인,경기도 용인시 처인구 양지면 대대리 산 281-1,아시아나,회원제,36,동 OUT/동 IN/서 OUT/서 IN ,"12,449M/13,615YD","70,000원 ~ 250,000원",90000,120000,http://www.asianacc.co.kr,031-330-1103,FIELD
경기 남부,경기 안산,경기도 안산시 단원구 대부남동 1111,아일랜드,회원제,18,South/West,"6,721M/7,350YD","50,000원 ~ 250,000원",80000,120000,http://www.islandresort.co.kr,032-885-1004,FIELD
경기 남부,경기 안산,경기도 안산시 단원구 대부남동 1111,아일랜드,퍼블릭,9,East,"3,077M/3,365YD","50,000원 ~ 250,000원",80000,120000,http://www.islandresort.co.kr,032-885-1004,FIELD
경기 남부,경기 안성,경기도 안성시 금광면 삼흥리 산1,안성베네스트,회원제,27,북/서/남,"9,468M/10,350YD","65,000원 ~ 230,000원",80000,120000,http://www.golfsamsung.com,031-670-0700,FIELD
경기 남부,경기 안성,경기도 안성시 금광면 삼흥리 산1,안성베네스트,퍼블릭,9,동,"2,911M/3,185YD","55,000원 ~ 220,000원",80000,120000,http://www.golfsamsung.com,031-670-0700,FIELD
경기 남부,경기 군포,경기도 군포시 부곡동 1,안양베네스트,회원제,18,OUT/IN,"6,441M/7,044YD","78,000원 ~ 260,000원",80000,120000,http://www.golfsamsung.com,031-460-3301,FIELD
경기 남부,경기 용인,경기도 용인시 처인구 양지면 남곡리 34-1,양지파인,회원제,27,동/남/서,"9,377M/10,255YD","64,000원 ~ 209,000원",80000,120000,http://www.pineresort.com,031-329-9500,FIELD
경기 남부,경기 안성,경기도 안성시 죽산면 장롱이리 산65,에덴블루,회원제,27,마운틴/레이크/밸리,"9,320M/10,192YD","25,000원 ~ 210,000원",80000,120000,https://www.edenblue.co.kr,031-678-7000,FIELD
경기 남부,경기 여주,경기도 여주군 여주읍 월송리 35-10,여주,회원제,27,에이스/드림/챌린지,"9,444M/10,328YD","80,000원 ~ 210,000원",80000,120000,http://www.yeojoocc.co.kr,031-880-0123,FIELD
경기 남부,경기 여주,경기도 여주군 강천면 부평리 418-1,여주썬밸리,퍼블릭,9,썬,"3,241M/3,544YD","100,000원 ~ 150,000원",80000,120000,http://www.yeojusunvalley.co.kr,031-887-5300,FIELD
경기 남부,인천 연수,인천광역시 연수구 인천신항대로 1120,오렌지듄스,퍼블릭,18,이스트/웨스트,"6,422M/7,023YD","140,000원 ~ 210,000원",80000,120000,http://www.orangedunes.com,032-830-8888,FIELD
경기 남부,경기 용인,경기도 용인시 처인구 백암면 석천리 747-1,용인,퍼블릭,27,용인/석천1/석천2,"6,807M/7,444YD","118,000원 ~ 168,000원",80000,120000,http://www.yongincc.com,031-332-3323,FIELD
경기 남부,경기 이천,경기도 이천시 모가면 두미리 산 39-10,웰링턴,회원제,18,그리핀/피닉스 ,,,,,,031-645-1800,FIELD
경기 남부,경기 안성,경기도 안성시 서운면 오촌리 173-4,윈체스트,퍼블릭,18,로맨틱/클래식,"6,425M/7,026YD","30,000원 ~ 220,000원",90000,120000,http://www.winchestgc.co.kr,031-678-9000,FIELD
경기 남부,경기 용인,경기도 용인시 처인구 남동 산118-1,은화삼,회원제,18,이스트/웨스트,"6,345M/6,939YD","70,000원 ~ 240,000원",80000,120000,http://www.ehscc.co.kr,031-335-8255,FIELD
경기 남부,경기 광주,경기도 광주시 실촌읍 건업리 산100-2,이스트밸리,회원제,27,동/남/서,"9,676M/10,582YD","22,620원 ~ 260,000원",90000,120000,http://www.eastvalley.co.kr,031-760-3800,FIELD
경기 남부,경기 이천,경기도 이천시 대월면 군량리 271-44,이천 마이다스,퍼블릭,27,올림푸스/타이탄/마이다스,"9,885M/10,810YD","135,000원 ~ 195,000원",80000,120000,http://icmidas.com,031-640-0101,FIELD
경기 남부,경기 이천,경기도 이천시 장호원읍 장여로 459-160,이천 블랙스톤,회원제,27,동/북/서,"9,987M/10,922YD","180,000원 ~ 240,000원",100000,120000,http://www.blackstoneresort.com,031-643-2000,FIELD
경기 남부,경기 여주,경기도 여주군 금사면 장흥리 산1,이포,회원제,18,OUT/IN,"6,330M/6,923YD","63,000원 ~ 233,000원",80000,120000,http://www.ipo-cc.co.kr,031-886-8100,FIELD
경기 남부,인천 서구,인천광역시 서구 도요지로 37,인천국제,회원제,18,OUT/IN,"6,494M/7,102YD","90,000원 ~ 210,000원",-,110000,http://incheoncc.com,032-562-6666,FIELD
경기 남부,인천 서구,인천광역시 서구 원창동 380,인천그랜드,퍼블릭,18,OUT/IN,"5,769M/6,309YD","142,000원 ~ 180,000원",48000,120000,http://www.incheongrand.cc,032-584-3111,FIELD
경기 남부,경기 여주,경기도 여주군 가남면 삼군리 산44,자유,회원제,18,OUT/IN,"6,356M/6,951YD","60,000원 ~ 210,000원",80000,120000,https://www.jayucc.co.kr,031-880-9900,FIELD
경기 남부,인천 연수,인천시 연수구 송도동 117번지,잭니클라우스,회원제,18,어반/링크스,"6,778M/7,413YD","22,620원 ~ 290,000원",88000,120000,http://www.jacknicklausgolfclubkorea.com,032-850-8000,FIELD
경기 남부,경기 안산,경기도 안산시 상록구 부곡동 587,제일,회원제,27,남/중/동,"9,468M/10,354YD","80,000원 ~ 230,000원",80000,120000,http://www.jaeil-cc.co.kr,031-400-2500,FIELD
경기 남부,경기 광주,경기도 광주시 실촌읍 곤지암리 산28-1,중부,회원제,18,동/서,"6,284M/6,872YD","83,000원 ~ 253,000원",100000,120000,http://www.akdjbcc.co.kr,031-762-6588,FIELD
경기 남부,경기 이천,경기도 이천시 마장면 해월리 산28-1,지산,회원제,27,동/서/남,"8,835M/9,662YD","65,000원 ~ 240,000원",80000,120000,http://www.jisangolf.com,031-334-9342,FIELD
경기 남부,경기 이천,경기도 이천시 마장면 해월리 산28-1,지산,퍼블릭,9,Executive,"2,255M/2,466YD","65,000원 ~ 240,000원",80000,-,http://www.jisangolf.com,031-334-9342,FIELD
경기 남부,경기 용인,경기도 용인시 처인구 이동면 이원로 384번길 71,처인,회원제,18,로얄/빅토리,"6,247M/6,831YD","33,000원 ~ 165,000원",80000,120000,https://www.welfare.mil.kr,031-830-8220,FIELD
경기 남부,경기 하남,경기도 하남시 감이동 260-1,캐슬렉스,회원제,18,OUT/IN,"6,050M/6,616YD","80,000원 ~ 240,000원",90000,120000,http://www.castlex-seoul.com,02-480-5600,FIELD
경기 남부,경기 여주,경기도 여주군 강천면 부평리 산 47-1,캐슬파인,퍼블릭,18,밸리/레이크,"6,405M/7,005YD","70,000원 ~ 150,000원",80000,120000,http://www.castlepine.co.kr,031-880-8656,FIELD
경기 남부,경기 용인,경기도 용인시 처인구 이동면 서리 784-7,코리아,회원제,27,레이크/챌린지/크리크 ,"9,025M/9,870YD","70,000원 ~ 240,000원",90000,120000,http://www.kgav.com,031-334-7111,FIELD
경기 남부,경기 용인,경기도 용인시 처인구 이동면 서리 784-7,코리아,퍼블릭,9,OUT,"2,510M/2,745YD","130,000원 ~ 160,000원",80000,116000,http://www.koreapublic.co.kr,031-286-9500,FIELD
경기 남부,경기 용인,경기도 용인시 기흥구 영덕동 158-2,태광,회원제,27,남/북/서,"9,748M/10,661YD","70,000원 ~ 250,000원",90000,120000,https://www.taekwangcc.co.kr,070-8189-6001,FIELD
경기 남부,경기 용인,경기도 용인시 기흥구 영덕동 158-2,태광,퍼블릭,9,동,"3,196M/3,495YD","160,000원 ~ 220,000원",90000,120000,https://www.taekwangcc.co.kr,070-8189-6001,FIELD
경기 남부,경기 여주,경기도 여주시 가남읍 가남로 320-21,트리니티,회원제,18,OUT/IN,"6,742M/7,373YD",,,,http://www.trinityclub.co.kr,031-887-7900,FIELD
경기 남부,경기 안성,경기도 안성시 양성면 노곡리 701-3,파인크리크,퍼블릭,27,파인/크리크/밸리,"9,645M/10,548YD","170,000원 ~ 250,000원",90000,120000,https://www.tyleisure.co.kr,031-672-0071,FIELD
경기 남부,경기 여주,경기도 여주시 점동면 사곡리 286-1,페럼,퍼블릭,18,동/서,"6,616M/7,235YD","130,000원 ~ 220,000원",80000,120000,http://www.ferrumclub.com,031-887-7000,FIELD
경기 남부,경기 평택,경기도 평택시 포승읍 원정리 1275,평택 체력단련장,회원제,18,태평양/대서양,"6,116M/6,689YD","13,000원 ~ 94,000원",84000,100000,http://welfare.navy.mil.kr,031-685-1520,FIELD
경기 남부,경기 용인,경기도 용인시 처인구 남사면 봉무리 257-1,플라자 용인,회원제,36,라이온 OUT/라이온 IN/타이거 OUT/타이거 IN ,"11,504M/12,581YD","70,000원 ~ 240,000원",80000,120000,http://www.plazacc.co.kr,031-332-1122,FIELD
경기 남부,경기 용인,경기도 용인시 기흥구 보정동 산32-1,한성,회원제,27,오렌지/블루/그린,"9,872M/10,796YD","70,000원 ~ 230,000원",80000,120000,http://hansung-cc.co.kr,031-284-3831,FIELD
경기 남부,경기 성남,경기도 성남시 수정구 고등동 370-1,한성대 체력단련장,회원제,9,OUT,"2,882M/3,152YD","9,000원 ~ 93,000원",40000,-,http://www.airforce.mil.kr,031-720-3592,FIELD
경기 남부,경기 용인,경기도 용인시 처인구 남사면 북리 859-1,한원,회원제,27,백제/신라/고구려,"8,943M/9,780YD","40,000원 ~ 230,000원",80000,120000,http://www.hanwoncc.co.kr,031-373-7111,FIELD
경기 남부,경기 용인,경기도 용인시 처인구 이동면 서리 248-1,해솔리아,퍼블릭,27,해/솔/리아,"9,675M/10,581YD","155,000원 ~ 195,000원",80000,120000,http://www.haesoliacc.co.kr,031-329-8101,FIELD
경기 남부,경기 여주,경기도 여주군 여주읍 명품1로 76,해슬리 나인브릿지,회원제,18,Haesley/PGA,"6,635M/7,256YD","70,000원 ~ 250,000원",80000,120000,http://www.haesley.com,031-887-9900,FIELD
경기 남부,경기 용인,경기도 용인시 처인구 이동면 화산리 산28-1,화산,회원제,18,OUT/IN,"6,440M/7,043YD","22,620원 ~ 250,000원",80000,120000,http://www.hwasancc.com,031-329-7114,FIELD
경기 남부,경기 화성,경기도 화성시 북양동 209,화성골프클럽,퍼블릭,9,Hwaseong,"2,840M/3,106YD","100,000원 ~ 150,000원",80000,120000,http://www.hwaseonggc.com,031-369-8900,FIELD
경기 남부,경기 화성,경기도 화성시 동탄면 중리 산 170,화성상록,퍼블릭,18,남/동,"6,545M/7,158YD","98,000원 ~ 179,000원",60000,120000,https://www.sangnokresort.co.kr,031-374-0100,FIELD
경기 남부,경기 이천,경기도 이천시 모가면 소고리 633,휘닉스스프링스,회원제,18,마운틴/레이크,"6,640M/7,262YD","22,620원 ~ 250,000원",80000,120000,http://www.phoenixsprings.co.kr,031-630-7000,FIELD
경기 남부,인천 중구,인천광역시 중구 운서동 2029-1,스카이72,퍼블릭,72,하늘/오션/레이크/클래식,"25,890M/27,691YD","139,000원 ~ 259,000원",90000,120000,http://www.sky72.com,1544-7272,FIELD
강원권,강원 강릉,강원도 강릉시 공항길 180,강릉 체력단련장,회원제,9,OUT,"2,655M/2,903YD","9,000원 ~ 62,000원",40000,-,http://www.airforce.mil.kr,033-649-3853,FIELD
강원권,강원 양양,강원도 양양군 손양면 동호리 산250,골든비치,회원제,27,파인/살몬/오션뷰,"10,049M/10,990YD","22,620원 ~ 200,000원",88000,120000,http://www.gogoldenbeach.co.kr,033-670-7700,FIELD
강원권,강원 춘천,강원도 춘천시 신동면 혈동리 325,남춘천,회원제,18,빅토리/챌린지,"6,813M/7,451YD","22,620원 ~ 230,000원",90000,120000,https://www.namchuncheon.co.kr,033-269-3100,FIELD
강원권,강원 춘천,강원도 춘천시 동산면 군자리 산 73-1,더플레이어스,퍼블릭,27,밸리/마운틴/레이크,"9,683M/10,589YD","120,000원 ~ 200,000원",80000,120000,http://www.playersgc.com,033-250-5050,FIELD
강원권,강원 고성,강원도 고성군 토성면 미시령옛길 1153,델피노,퍼블릭,18,오션/마운틴,"5,922M/6,476YD","130,000원 ~ 180,000원",80000,120000,http://www.dgolfclub.com,033-639-8400,FIELD
강원권,강원 영월,강원도 영월군 영월읍 삼옥리 362,동강시스타,퍼블릭,9,OUT,"3,068M/3,355YD","45,000원 ~ 120,000원",80000,120000,http://www.cistar.co.kr,033-905-2800,FIELD
강원권,강원 원주,강원도 원주시 지정면 월송리 산2-2,동서울레스피아,퍼블릭,10,OUT,"2,756M/3,014YD","80,000원 ~ 120,000원",20000,110000,http://www.respia.com,033-732-3700,FIELD
강원권,강원 횡성,강원도 횡성군 서원면 석화리 646,동원썬밸리,회원제,18,썬/밸리,"6,535M/7,147YD","23,000원 ~ 200,000원",88000,120000,http://www.dongwonsunvalley.co.kr,033-344-5308,FIELD
강원권,강원 동해,강원도 동해시 용정동 500,동해 체력단련장,회원제,9,OUT,"3,014M/3,296YD","13,000원 ~ 66,000원",60000,90000,http://welfare.navy.mil.kr,033-539-6762,FIELD
강원권,강원 춘천,강원도 춘천시 신동면 정죽리 1007-1,라데나 ,회원제,27,레이크/가든/네이처,"9,465M/10,351YD","70,000원 ~ 210,000원",80000,120000,http://www.ladenaresort.com,033-260-1114,FIELD
강원권,강원 춘천,강원도 춘천시 군자리 산245,로드힐스,퍼블릭,27,로드/힐스/레이크,"9,470M/10,406YD","140,000원 ~ 180,000원",80000,120000,http://www.lordhills.co.kr,033-269-8888,FIELD
강원권,강원 강릉,강원도 강릉시 강동면 하시동리 산 101,메이플비치,퍼블릭,18,비치/메이플,"6,650M/7,272YD","100,000원 ~ 160,000원",80000,120000,http://www.maplebeach.co.kr,033-823-2000,FIELD
강원권,강원 횡성,강원도 횡성군 서원면 옥계리 757,벨라스톤,퍼블릭,18,벨라/스톤,"6,774M/7,408YD","100,000원 ~ 150,000원",80000,120000,http://www.bellastonecc.com,033-340-9000,FIELD
강원권,강원 삼척,강원도 삼척시 도계읍 상덕리 247,블랙밸리,퍼블릭,18,블랙/밸리,"6,334M/6,927YD","80,000원 ~ 120,000원",80000,120000,http://www.blackcc.co.kr,033-540-5300,FIELD
강원권,강원 홍천,강원도 홍천군 두촌면 광석로 898-160,블루마운틴,퍼블릭,27,드림/비전/챌린지,"9,881M/10,806YD","130,000원 ~ 280,000원",80000,120000,http://www.bluemountaincc.co.kr,033-439-1234,FIELD
강원권,강원 홍천,강원도 홍천군 서면 한치골길 262,비발디9,퍼블릭,9,OUT,"2,675M/2,925YD","30,000원 ~ 130,000원",80000,120000,http://www.dgolfclub.com,1644-0063,FIELD
강원권,강원 홍천,강원도 홍천군 서면 팔봉리 산125-31,비발디파크,회원제,18,비발디/파크,"6,424M/7,025YD","23,000원 ~ 220,000원",90000,120000,http://www.dgolfclub.com,033-435-8311,FIELD
강원권,강원 홍천,강원도 홍천군 홍천읍 장전평2리 722-2,비콘힐스(구 홍천),퍼블릭,18,누리/하늘,"6,305M/6,895YD","110,000원 ~ 160,000원",80000,120000,http://www.beaconhills.co.kr,033-439-5000,FIELD
강원권,강원 강릉,강원도 강릉시 저동등길 53,샌드파인,회원제,18,OUT/IN,"6,588M/7,205YD","23,000원 ~ 215,000원",80000,120000,http://www.lakaisandpine.co.kr,033-655-7000,FIELD
강원권,강원 홍천,강원도 홍천군 서면 동막리 산77,샤인데일,퍼블릭,27,샤인/레이크/데일,"9,943M/10,873YD","110,000원 ~ 190,000원",80000,120000,http://www.shinedale.com,033-436-0707,FIELD
강원권,강원 고성,강원도 고성군 죽왕면 삼포리 산134,설악썬밸리,퍼블릭,27,설악/썬/밸리,"9,830M/10,750YD","130,000원 ~ 170,000원",80000,120000,http://www.soraksunvalley.co.kr,033-638-5362,FIELD
강원권,강원 원주,강원도 원주시 문막읍 궁촌리 산47-5,센추리21,회원제,36,파인/레이크/필드/밸리,"13,003M/14,220YD","25,000원 ~ 195,000원",80000,120000,http://www.century21cc.co.kr,033-733-1000,FIELD
강원권,강원 원주,강원도 원주시 문막읍 궁촌리 산47-5,센추리21,퍼블릭,9,마운틴,"2,789M/3,051YD","30,000원 ~ 60,000원",80000,110000,http://www.century21cc.co.kr,033-733-1000,FIELD
강원권,강원 홍천,강원도 홍천군 서면 한치골길 541번길 123,소노펠리체,퍼블릭,18,힐링/에코,"6,616M/7,235YD","150,000원 ~ 250,000원",90000,120000,http://www.dgolfclub.com,033-439-8700,FIELD
강원권,강원 춘천,강원도 춘천시 동면 만천리 산21,스프링베일,퍼블릭,9,OUT,"3,036M/3,320YD","90,000원 ~ 130,000원",80000,100000,http://www.springvale.co.kr,033-254-7900,FIELD
강원권,강원 평창,강원도 평창군 대관령면 용산리 223-9,알펜시아700,퍼블릭,18,아시아/알프스,"6,090M/6,660YD","130,000원 ~ 160,000원",80000,100000,http://www.alpensiaresort.co.kr,033-339-3711,FIELD
강원권,강원 평창,강원도 평창군 대관령면 용산리 406-23,알펜시아트룬,회원제,27,레이크/포레스트/미도우,"9,057M/9,905YD","21,500원 ~ 205,000원",80000,120000,http://www.alpensiaresort.co.kr,033-339-0000,FIELD
강원권,강원 정선,강원도 정선군 신동읍 조동리 516,에콜리안 정선,퍼블릭,9,OUT,"2,965M/3,243YD","58,000원 ~ 78,000원",32000,-,http://js.ecolian.or.kr,033-378-7511,FIELD
강원권,강원 춘천,강원도 춘천시 남사면 백양리 29-1,엘리시안 강촌,회원제,27,레이크/힐/밸리,"8,833M/9,660YD","22,620원 ~ 210,000원",80000,120000,http://www.elysian.co.kr,033-260-2000,FIELD
강원권,강원 춘천,강원도 춘천시 남사면 백양리 29-1,엘리시안 강촌,퍼블릭,10,나인플러스,"2,547M/2,748YD","20,000원 ~ 50,000원",30000,-,http://www.elysian.co.kr,033-260-2000,FIELD
강원권,강원 속초,강원도 속초시 금호동 600-7,영랑호,퍼블릭,9,OUT,"2,926M/3,200YD","60,000원 ~ 130,000원",48000,120000,https://www.yrhresort.co.kr,033-633-0001,FIELD
강원권,강원 춘천,강원도 춘천시 남산면 수동리 산30,오너스,퍼블릭,18,레이크/힐,"6,527M/7,138YD","120,000원 ~ 190,000원",80000,120000,http://www.ownersgc.co.kr,033-260-1900,FIELD
강원권,강원 원주,강원도 원주시 지정면 오크밸리 1길 66,오크밸리,회원제,36,오크/파인/메이플/체리,"13,002M/14,219YD","22,620원 ~ 230,000원",90000,120000,http://www.oakvalley.co.kr,033-730-3500,FIELD
강원권,강원 원주,강원도 원주시 지정면 오크밸리 1길 66,오크크릭,퍼블릭,9,크리크,"2,775M/3,034YD","55,000원 ~ 200,000원",80000,-,http://www.oakvalley.co.kr,033-730-3900,FIELD
강원권,강원 원주,강원도 원주시 지정면 오크밸리 1길 66,오크힐스,회원제,18,힐/브릿지,"13,002M/14,219YD","22,620원 ~ 230,000원",90000,120000,http://www.oakvalley.co.kr,033-730-3500,FIELD
강원권,강원 태백,강원도 태백시 황지동 산 176-28,오투리조트,회원제,18,함백SKY/태백SKY,"6,660M/7,283YD","23,000원 ~ 175,000원",80000,120000,http://www.o2resort.com,033-580-7700,FIELD
강원권,강원 태백,강원도 태백시 황지동 산 176-28,오투리조트,퍼블릭,9,백두SKY,"3,065M/3,352YD","10,000원 ~ 90,000원",80000,120000,http://www.o2resort.com,033-580-7700,FIELD
강원권,강원 횡성,강원도 횡성군 서원면 유현리 산61,옥스필드,회원제,18,옥스/필드,"6,595M/7,212YD","23,000원 ~ 200,000원",80000,120000,https://www.oxfield.com,033-340-7700,FIELD
강원권,강원 평창,강원도 평창군 대관령면 용산리 130,용평,회원제,18,강나루/산마루,"6,218M/6,800YD","60,000원 ~ 200,000원",80000,120000,https://www.yongpyong.co.kr,033-335-5757,FIELD
강원권,강원 평창,강원도 평창군 대관령면 용산리 130,용평,퍼블릭,9,용평나인,"2,578M/2,819YD","50,000원 ~ 140,000원",40000,120000,https://www.yongpyong.co.kr,033-335-5757,FIELD
강원권,강원 평창,강원도 평창군 대관령면 용산리 130,용평버치힐,회원제,18,버치/힐,"6,309M/6,899YD","21,500원 ~ 200,000원",80000,120000,https://www.yongpyong.co.kr,033-335-5757,FIELD
강원권,강원 원주,강원도 원주시 소초면 둔둔로,원주 체력단련장(구),회원제,9,OUT,"3,048M/3,333YD","13,000원 ~ 83,000원",40000,-,http://www.airforce.mil.kr,033-734-4572,FIELD
강원권,강원 원주,강원도 원주시 소초면 둔둔로,원주 체력단련장(신),회원제,9,OUT,"2,937M/3,212YD","13,000원 ~ 83,000원",40000,-,http://www.airforce.mil.kr,033-730-5810,FIELD
강원권,강원 횡성,강원도 횡성군 둔내면 조항로 360,웰리힐리,회원제,36,남 OUT/남 IN/북 OUT/북 IN ,"13,277M/14,520YD","23,000원 ~ 200,000원",80000,120000,http://www.wellihillipark.com,033-340-1400,FIELD
강원권,강원 횡성,강원도 횡성군 둔내면 조항로 360,웰리힐리,퍼블릭,10,OUT,"2,844M/3,110YD","30,000원 ~ 60,000원",56000,-,http://www.wellihillipark.com,1544-8833,FIELD
강원권,강원 원주,강원도 원주시 반곡동 1401-10,인터불고 원주,퍼블릭,9,OUT,"2,640M/2,887YD","28,000원 ~ 86,000원",-,-,https://wonju.inter-burgo.com,033-733-0400,FIELD
강원권,강원 춘천,강원도 춘천시 남산면 서천리 산35,제이드팰리스,회원제,18,이스트/웨스트,"6,426M/7,028YD","22,620원 ~ 250,000원",100000,120000,http://www.jadepalacegc.com,033-260-8000,FIELD
강원권,강원 횡성,강원도 횡성군 우천면 하대리 산87-1,청우,회원제,18,블루/코스모스,"6,508M/7,117YD","23,000원 ~ 200,000원",84000,120000,http://www.cwgc.kr,033-340-8000,FIELD
강원권,강원 홍천,강원도 홍천군 서면 모곡리 산 146,클럽모우,회원제,27,마운틴/오아시스/와일드,"10,190M/11,144YD","34,120원 ~ 233,000원",90000,120000,http://www.clubmow.com,033-439-9000,FIELD
강원권,강원 춘천,강원도 춘천시 남면 후동리 302,파가니카,회원제,18,힐/포레스트,"6,587M/7,204YD","22,620원 ~ 230,000원",80000,120000,http://paganicacc.com,033-261-6556,FIELD
강원권,강원 고성,강원도 고성군 토성면 신평리 산23,파인리즈,퍼블릭,27,파인/리즈/레이크,"10,299M/11,263YD","130,000원 ~ 180,000원",80000,120000,http://www.pineridge.co.kr,1577-6399,FIELD
강원권,강원 삼척,강원도 삼척시 근덕면 교곡리 445-1,파인밸리,퍼블릭,18,파인/밸리,"6,519M/7,129YD","120,000원 ~ 160,000원",80000,120000,https://www.tyleisure.co.kr,033-573-0874,FIELD
강원권,강원 원주,강원도 원주시 소초면 바우실길 281,파크밸리,퍼블릭,18,파크/밸리,"6,121M/6,694YD","100,000원 ~ 155,000원",80000,120000,http://www.parkvalley.co.kr,033-731-0017,FIELD
강원권,강원 속초,강원도 속초시 장사동 24-1,플라자 설악,회원제,18,선라이즈/마운틴뷰,"6,456M/7,060YD","55,000원 ~ 190,000원",80000,120000,http://www.plazacc.co.kr,033-630-5511,FIELD
강원권,강원 정선,강원도 정선군 고한읍 고한리 산17,하이원,퍼블릭,18,마운틴/밸리,"6,519M/7,129YD","70,000원 ~ 170,000원",80000,120000,http://www.high1.com,033-590-7300,FIELD
강원권,강원 철원,강원도 철원군 갈말읍 군탄리 1137,한탄강,퍼블릭,18,마운틴/밸리,"6,965M/7,617YD","98,000원 ~ 138,000원",68000,120000,http://www.hantancc.co.kr,033-452-5700,FIELD
강원권,강원 평창,강원도 평창군 봉평면 면온리 1095,휘닉스파크,회원제,18,마운틴/레이크,"6,359M/6,955YD","23,000원 ~ 200,000원",90000,120000,http://www.phoenixpark.co.kr,033-330-3000,FIELD
강원권,강원 평창,강원도 평창군 봉평면 면온리 1095,태기산(구 휘닉스파크 퍼블릭),퍼블릭,9,OUT,"2,503M/2,737YD","100,000원 ~ 120,000원",32000,100000,http://www.phoenixpark.co.kr,033-330-3000,FIELD
강원권,강원 춘천,강원도 춘천시 남산면 수동리 133,휘슬링락,회원제,27,코쿤/템플/클라우드,"9,969M/10,902YD","22,620원 ~ 250,000원",90000,120000,http://www.whistlingrockcc.com,070-8121-0100,FIELD
강원권,강원 홍천,강원도 홍천군 남면 화전리 1288,힐드로사이,회원제,18,버치/파인,"6,787M/7,422YD","22,620원 ~ 230,000원",90000,120000,http://www.hilldeloci.co.kr,033-439-3300,FIELD
충청권,충남 계룡,충청남도 계룡시 신도안면 계룡대로 976,계룡대,회원제,18,백호/청룡,"6,512M/7,122YD","17,000원 ~ 150,000원",-,100000,https://www.armywelfaregolf.mil.kr,042-550-7611,FIELD
충청권,충남 계룡,충청남도 계룡시 신도안면 계룡대로 976,구룡대,회원제,18,숫용추/암용추,"6,451M/7,055YD","17,000원 ~ 150,000원",-,100000,https://www.armywelfaregolf.mil.kr,042-550-7611,FIELD
충청권,충북 청원,충청북도 청원군 낭성면 호정리 167,골드나인,퍼블릭,9,OUT,"3,181M/3,479YD","80,000원 ~ 120,000원",80000,120000,http://gold-9.co.kr,043-229-1000,FIELD
충청권,충남 공주,충청남도 공주시 의당면 청룡리 221-2,골드리버,퍼블릭,9,OUT,"2,079M/2,274YD","49,000원 ~ 73,000원",60000,-,http://www.goldrivercc.com,041-856-7100,FIELD
충청권,충남 태안,충청남도 태안군 근흥면 정죽리 386-1,골든베이,회원제,27,마운틴/오션/밸리,"9,865M/10,788YD","22,700원 ~ 190,000원",80000,120000,https://www.goldenbay.kr,041-671-8000,FIELD
충청권,충북 청주,충청북도 청주시 상당구 남일면 단재로 635,공사 체력단련장,회원제,9,OUT,"2,564M/2,804YD","62,000원 ~ 80,000원",-,-,http://www.airforce.mil.kr,043-290-5824,FIELD
충청권,충북 청원,충청북도 청원군 오창읍 백현리 1,그랜드,회원제,27,서/남/동,"9,219M/10,082YD","61,000원 ~ 198,000원",80000,120000,https://www.grandgolf.co.kr,043-212-7111,FIELD
충청권,대전 유성,대전광역시 유성구 용산동 676,금실대덕밸리,퍼블릭,9,OUT,"2,970M/3,248YD","80,000원 ~ 118,000원",80000,100000,http://www.gumsildvcc.co.kr,042-250-6665,FIELD
충청권,충북 영동,충청북도 영동군 양강면 양정죽촌로 69,남성대,회원제,18,OUT/IN,"5,761M/6,300YD","16,000원 ~ 75,900원",48000,100000,https://www.armywelfaregolf.mil.kr,043-745-1700,FIELD
충청권,충북 충주,충청북도 충주시 이류면 장성리 산7,대영베이스,퍼블릭,18,OUT/IN,"6,413M/7,013YD","89,000원 ~ 159,000원",80000,120000,http://www.basecc.co.kr,043-850-8601,FIELD
충청권,충북 충주,충청북도 충주시 대소원면 만정리 산 38,대영힐스,퍼블릭,27,력/청/미,"9,724M/10,634YD","109,000원 ~ 169,000원",80000,120000,http://www.basecc.co.kr,043-850-8601,FIELD
충청권,충남 보령,충청남도 보령시 명천동 14-38,대천웨스토피아,퍼블릭,9,OUT,"3,152M/3,447YD","24,000원 ~ 110,000원",80000,120000,http://www.westopia.co.kr,041-939-3800,FIELD
충청권,충북 단양,충청북도 단양군 매포읍 고양리 300-1,대호단양,퍼블릭,18,마운틴/레이크,"6,609M/7,228YD","98,000원 ~ 160,000원",80000,120000,http://www.daehocc.co.kr,043-420-7100,FIELD
충청권,충남 논산,충청남도 논산시 상월면 선비로 1079,더힐,퍼블릭,9,힐,"2,754M/3,012YD","60,000원 ~ 100,000원",80000,120000,http://www.thehill.co.kr,041-736-2580,FIELD
충청권,충남 아산,충청남도 아산시 선장면 신성리 113-8,도고,회원제,18,OUT/IN,"6,556M/7,170YD","71,000원 ~ 163,000원",80000,120000,http://www.dogocc.co.kr,041-542-4411,FIELD
충청권,충북 충주,충청북도 충주시 노은면 문성리 산 539-3,동촌,회원제,18,동/서,"6,608M/7,227YD","22,620원 ~ 213,000원",80000,120000,http://www.dongchongc.co.kr,043-722-0707,FIELD
충청권,충북 청원,충청북도 청원군 옥산면 환희리 산102,떼제베,회원제,27,갈렙/모세/여호수아,"9,621M/10,522YD","61,000원 ~ 205,000원",80000,120000,http://www.tgvcc.co.kr,043-230-4000,FIELD
충청권,충북 음성,충청북도 음성군 생극면 샐리 산 14-1,레인보우힐스,회원제,27,서/남/동,"9,904M/10,831YD","30,000원 ~ 240,000원",90000,120000,http://www.rainbowhills.co.kr,043-879-7900,FIELD
충청권,충북 충주,충청북도 충주시 신니면 대화리 182,로얄포레,회원제,18,로얄/포레,"6,641M/7,263YD","23,000원 ~ 200,000원",80000,120000,https://www.royalforet.com,043-841-9001,FIELD
충청권,충남 부여,충청남도 부여군 규암면 합정리 35-1,롯데스카이힐 부여,퍼블릭,18,스카이/힐,"6,259M/6,845YD","120,000원 ~ 170,000원",80000,120000,http://www.skyhill.co.kr,041-939-1702,FIELD
충청권,충남 천안,충청남도 천안시 동남구 북면 운용리 489,마론뉴데이,회원제,18,드림/비전,"6,530M/7,141YD","25,000원 ~ 197,000원",80000,120000,http://www.maronnewday.com,041-623-5555,FIELD
충청권,충남 부여,충청남도 부여군 은산면 나령리 274-1,백제,퍼블릭,18,사비/웅진,"6,623M/7,243YD","110,000원 ~ 150,000원",80000,120000,http://www.baekjecc.co.kr,041-830-0700,FIELD
충청권,충남 천안,충청남도 천안시 동남구 병천면 매성리 산27-24,버드우드,회원제,19,OUT/IN,"6,584M/7,200YD","25,000원 ~ 200,000원",80000,120000,http://www.birdwood.co.kr,041-558-9900,FIELD
충청권,대전 유성,대전광역시 유성구 전민동 산11-2,사이언스대덕골프장,퍼블릭,9,OUT,"2,830M/3,095YD","30,000원 ~ 48,000원",-,-,http://www.ddgolf.co.kr,042-865-3000,FIELD
충청권,충남 서산,충청남도 서산시 해미면 언암리 산 114,서산 체력단련장,회원제,18,하늘/우주,"5,968M/6,527YD","13,000원 ~ 108,000원",60000,-,http://www.airforce.mil.kr,041-689-4082,FIELD
충청권,충남 서산,충청남도 서산시 대산읍 화곡리 산4-1,서산수,회원제,18,서산/산수,"6,630M/7,251YD","23,000원 ~ 210,000원",80000,120000,http://seosansoo.com,041-689-7700,FIELD
충청권,충부 충주,충청북도 충주시 신니면 동락길 207,세일,퍼블릭,18,산길/들길,"6,426M/7,028YD","99,000원 ~ 149,000원",80000,120000,http://www.seilcc.co.kr,043-841-6000,FIELD
충청권,세종시,세종특별자치시 전의면 운주산로 1510,세종에머슨(구 IMG),회원제,27,마운틴/레이크/밸리,"9,410M/10,291YD","52,000원 ~ 197,000원",80000,120000,http://www.sejongemerson.co.kr,044-862-4004,FIELD
충청권,세종시,세종특별자치시 연기면 산울리 274-133,세종필드,퍼블릭,18,세종/행복,"6,685M/7,311YD","110,000원 ~ 170,000원",80000,120000,https://www.sejongcc.com,044-861-5678,FIELD
충청권,충북 충주,충청북도 충주시 노은면 신효리 산81,센테리움,퍼블릭,27,잉글랜드/스코틀랜드/웨일즈,"9,635M/10,537YD","150,000원 ~ 250,000원",80000,120000,http://www.centeriumcc.com,043-842-8600,FIELD
충청권,충북 충주,충청북도 충주시 양성면 중전리 산11-1,시그너스,회원제,27,실크/라미/코튼,"9,560M/10,455YD","30,000원 ~ 210,000원",80000,120000,http://www.cygnuscc.co.kr,043-875-5001,FIELD
충청권,충북 청원,충청북도 청원군 남이면 산막리 산102,실크리버,회원제,18,OUT/IN,"6,433M/7,035YD","53,000원 ~ 203,000원",80000,120000,http://www.silkrivercc.co.kr,043-277-5000,FIELD
충청권,충북 음성,충청북도 음성군 삼성면 대사리 산59-7,썬밸리,회원제,18,썬/밸리,"6,432M/7,034YD","23,000원 ~ 220,000원",88000,120000,http://www.sunvalleycc.co.kr,043-881-5307,FIELD
충청권,충남 아산,충청남도 아산시 영인면 신현리 산33,아름다운,회원제,18,레이크/힐,"6,711M/7,339YD","23,000원 ~ 197,500원",80000,120000,http://www.arumdaunresort.com,041-536-8000,FIELD
충청권,충북 보은,충청북도 보은군 탄부면 상장리 산30,아리솔,퍼블릭,18,별솔/해솔,"6,495M/7,103YD","80,000원 ~ 140,000원",80000,120000,http://www.arisolcc.net,043-540-8013,FIELD
충청권,충북 진천,충청북도 진천군 진천읍 지암리 산19-15,아트밸리,회원제,27,아트/마운틴/밸리,"9,592M/10,489YD","35,000원 ~ 199,000원",80000,120000,http://www.artvalleycc.net,043-531-3000,FIELD
충청권,충남 금산,충청남도 금산군 진산면 행정리 473-5,에딘버러,회원제,18,마운틴/밸리,"6,474M/7,080YD","30,000원 ~ 175,000원",80000,120000,http://www.edinburgh.co.kr,041-750-0114,FIELD
충청권,충북 진천,충청북도 진천군 백곡면 성대리 산103-1,에머슨(구 중앙),회원제,27,스카이/레이크/마운틴,"8,419M/9,207YD","60,000원 ~ 198,000원",80000,120000,http://www.emersongolfclub.co.kr,043-533-6666,FIELD
충청권,충북 제천,충청북도 제천시 고암동 207번지,에콜리안 제천,퍼블릭,9,OUT,"2,965M/3,243YD","30,000원 ~ 80,000원",32000,-,https://js.ecolian.or.kr,043-642-9474,FIELD
충청권,충북 청원,충청북도 청원군 오창읍 성산리 11,오창 에딘버러,퍼블릭,9,OUT,"3,000M/3,281YD","45,000원 ~ 130,000원",80000,120000,http://www.technovillegc.com,043-210-1900,FIELD
충청권,충남 천안,충청남도 천안시 동남구 목천읍 운전리 401,우정힐스,회원제,18,OUT/IN,"6,571M/7,186YD","23,000원 ~ 200,000원",80000,120000,http://whcc.kolon.co.kr,041-557-2902,FIELD
충청권,대전 유성,대전광역시 유성구 덕명동 215-7,유성,회원제,18,OUT/IN,"5,881M/6,432YD","80,000원 ~ 185,000원",80000,100000,http://www.yscc.co.kr,042-822-7103,FIELD
충청권,충북 청원,충청북도 청원군 미원면 대신리 산70,이븐데일,회원제,18,이븐/데일,"6,560M/7,174YD","25,000원 ~ 205,000원",80000,120000,http://www.evendale.co.kr,043-288-1000,FIELD
충청권,충북 충주,충청북도 충주시 금가면 월상리 산95-1,임페리얼레이크,회원제,18,파인/레이크,"6,316M/6,907YD","30,000원 ~ 210,000원",80000,120000,http://www.ilcc.co.kr,043-853-5555,FIELD
충청권,대전 유성,대전광역시 유성구 추목동 산23-30,자운대,회원제,9,OUT,"2,810M/3,073YD","16,000원 ~ 91,000원",44000,100000,https://www.armywelfaregolf.mil.kr,042-868-6500,FIELD
충청권,충북 음성,충청북도 음성군 삼성면 용대리 540-1,젠스필드(구 드래곤힐),회원제,18,OUT/IN,"6,689M/7,315YD","23,000원 ~ 220,000원",80000,120000,http://www.zensfield.com,043-880-1000,FIELD
충청권,충북 충주,충청북도 충주시 산척면 영덕리 산 2-14,중원,퍼블릭,27,고구려/백제/신라,"10,241M/11,200YD","80,000원 ~ 160,000원",80000,120000,http://www.joongwongolf.co.kr,043-849-8000,FIELD
충청권,충북 음성,충청북도 음성군 삼성면 양덕리 산131,진양밸리,퍼블릭,27,힐/크리크/밸리,"9,725M/10,635YD","125,000원 ~ 190,000원",80000,120000,http://www.chinyangvalley.co.kr,043-880-8000,FIELD
충청권,충남 논산,충청남도 논산시 노성면 송당리 산23-8,창공대 체력단련장,회원제,9,OUT,"2,912M/3,185YD","16,000원 ~ 80,000원",-,-,https://www.armywelfaregolf.mil.kr,041-730-6802,FIELD
충청권,충북 진천,충청북도 진천군 이월면 신계리 산78-1,천룡,회원제,27,황룡/천룡/흑룡,"9,876M/10,801YD","23,000원 ~ 180,000원",80000,120000,https://www.crcc.co.kr,043-536-1001,FIELD
충청권,충북 진천,충청북도 진천군 이월면 신계리 산78-1,천룡,퍼블릭,9,OUT,"2,535M/2,772YD","60,000원 ~ 120,000원",66000,110000,https://www.crcc.co.kr,043-536-1001,FIELD
충청권,충남 천안,충청남도 천안시 동남구 수신면 장산리 699-1,천안상록,퍼블릭,27,남/중/동,"9,806M/10,724YD","78,000원 ~ 164,000원",60000,120000,https://www.sangnokresort.co.kr,041-529-9075,FIELD
충청권,충북 청주,충청북도 청주시 청원구 내수읍 원통숲안1길 39,청주 체력단련장,회원제,9,OUT,"2,564M/2,804YD","9,000원 ~ 80,000원",-,-,http://www.airforce.mil.kr,043-210-2451,FIELD
충청권,충북 충주,충청북도 충주시 금가면 문산신대1길 21,충주 체력단련장,회원제,9,OUT,"2,956M/3,233YD","9,000원 ~ 83,000원",-,-,http://www.airforce.mil.kr,043-849-5051,FIELD
충청권,충북 음성,충청북도 음성군 음성읍 동음리 382,코스카,회원제,27,행복/사랑/나눔,"9,517M/10,408YD","230,000원 ~ 200,000원",80000,120000,http://www.koscacc.kr,043-870-1000,FIELD
충청권,충북 진천,충청북도 진천군 문백면 평산리 531,크리스탈카운티,회원제,18,크리스탈/카운티,"6,633M/7,254YD","145,000원 ~ 220,000원",80000,120000,http://www.crystalcounty.co.kr,02-1588-0700,FIELD
충청권,충북 충주,충청북도 충주시 주덕읍 화곡리 산 32-42,킹스데일,퍼블릭,18,레이크/힐,"6,705M/7,333YD","130,000원 ~ 180,000원",80000,120000,http://www.kingsdale.co.kr,043-900-8800,FIELD
충청권,충남 태안,충청남도 태안군 근흥면 정죽리 2261-1,태안비치,회원제,18,리버/비치,"6,480M/7,087YD","25,000원 ~ 190,000원",80000,120000,http://www.taeanbeach-cc.co.kr,02-2203-0900,FIELD
충청권,충남 당진,충청남도 당진시 신평면 도성리 460-29,파나시아,퍼블릭,9,OUT,"6,111M/6,683YD","70,000원 ~ 140,000원",80000,120000,http://www.panaceagc.com,041-350-0900,FIELD
충청권,충남 당진,충청남도 당진군 송산면 무수리 458-1,파인스톤,퍼블릭,18,파인/스톤,"6,710M/7,338YD","100,000원 ~ 220,000원",80000,120000,http://www.pinestonecc.com,041-350-0000,FIELD
충청권,충남 공주,충청남도 공주시 정안면 인풍리 331,프린세스,퍼블릭,18,이스트/웨스트,"5,905M/6,458YD","110,000원 ~ 160,000원",80000,120000,http://www.princessgc.co.kr,041-851-6300,FIELD
충청권,충남 태안,충청남도 태안군 태안읍 반곡리 1154-4,현대더링스,퍼블릭,36,Course A/course B,"13,370M/14,622YD","53,000원 ~ 129,000원",80000,120000,http://www.thelinkscc.co.kr,041-670-0333,FIELD
충청권,충북 진천,충청북도 진천군 백곡면 갈월리 산29-1,히든밸리,퍼블릭,27,히든/밸리/스카이,"10,025M/10,963YD","130,000원 ~ 190,000원",80000,120000,http://www.hiddenvalley.co.kr,043-645-1911,FIELD
충청권,충북 제천,충청북도 제천시 천남동 282-1,힐데스하임,회원제,18,스완/타이거,"6,602M/7,220YD","30,000원 ~ 195,000원",80000,120000,http://www.hildesheimcc.kr,043-640-9000,FIELD
충청권,충북 제천,충청북도 제천시 천남동 282-1,힐데스하임,퍼블릭,9,드래곤,"3,273M/3,579YD","25,000원 ~ 70,000원",80000,120000,http://www.hildesheimcc.kr,043-640-9000,FIELD
충청권,충북 충주,충청북도 충주시 양성면 지당리 산93,SG골프클럽,회원제,18,상떼/힐,"6,403M/7,002YD","30,000원 ~ 200,000원",80000,120000,http://www.sggolfclub.co.kr,043-850-2200,FIELD
경상권,경북 칠곡,경상북도 칠곡군 가산면 학하리 1199-1,가산,퍼블릭,9,OUT,"3,131M/3,424YD","90,000원 ~ 130,000원",80000,100000,http://www.gasancc.co.kr,054-970-3100,FIELD
경상권,경남 김해,경상남도 김해시 삼방동 산1,가야,회원제,45,수로/김해/신어/낙동/가락 ,"12,977M/14,192YD","55,000원 ~ 195,000원",80000,100000,http://www.gayacc.com,055-337-0091,FIELD
경상권,경남 김해,경상남도 김해시 삼방동 산1,가야,퍼블릭,9,OUT,"2,259M/2,470YD","80,000원 ~ 100,000원",40000,100000,http://www.gayacc.com,055-337-8611,FIELD
경상권,경남 거제,경상남도 거제시 거제면 옥산리 285-3,거제뷰,퍼블릭,18,해돋이/해넘이,"5,940M/6,496YD","90,000원 ~ 130,000원",80000,100000,http://www.geojeview.co.kr,055-639-1588,FIELD
경상권,경북 경주,경상북도 경주시 북군동 375-1,경주,퍼블릭,27,SUN/SEA/MOON,"9,457M/10,342YD","70,000원 ~ 140,000원",80000,100000,http://www.kyongjugolf.co.kr,054-778-8900,FIELD
경상권,경북 경주,경상북도 경주시 신평동 산5,경주 신라,회원제,36,천마 OUT/천마 IN/화랑 OUT/화랑 IN ,"12,975M/14,190YD","30,000원 ~ 170,000원",80000,100000,http://sillacc.co.kr,054-740-7114,FIELD
경상권,경북 고령,경상북도 고령군 고령읍 내곡리 1078-1,유니밸리,퍼블릭,9,OUT,"2,703M/2,956YD","78,000원 ~ 108,000원",80000,100000,http://www.univalley.co.kr,054-956-7575,FIELD
경상권,경북 고령,경상북도 고성군 고성읍 월평리 산48,고성,퍼블릭,9,OUT,"2,842M/3,108YD","75,000원 ~ 105,000원",60000,90000,http://www.gosungcc.com,055-672-0070,FIELD
경상권,울산 울주,울산광역시 울주군 삼남면 방기리 산82-1,골드그린,퍼블릭,9,OUT,"2,907M/3,179YD","65,000원 ~ 115,000원",60000,100000,http://www.goldgreen.co.kr,055-372-0050,FIELD
경상권,경북 영천,경상북도 영천시 청통면 청통로 733,골프존카운티 청통,퍼블릭,18,청통/팔공,"6,450M/6,900YD",-,80000,120000,http://www.golfzoncounty.com,054-339-8000,FIELD
경상권,경북 구미,경상북도 구미시 장천면 상림리 산81-3,구미,회원제,27,백호/청룡/거북,"9,538M/10,431YD","40,000원 ~ 190,000원",80000,120000,http://www.gumicc.com,054-470-6800,FIELD
경상권,경북 군위,경상북도 군위군 산성면 부흥로 227,군위오펠,회원제,18,산울/여울,"6,125M/6,698YD","30,000원 ~ 170,000원",80000,120000,http://www.ophelgc.com,054-380-8000,FIELD
경상권,경북 청도,경상북도 청도군 이서면 각계리 산6-2,그레이스,회원제,27,마운틴/레이크/밸리,"9,668M/10,573YD","30,000원 ~ 170,000원",80000,120000,https://www.grace-cc.co.kr,054-370-3000,FIELD
경상권,부산 강서,부산광역시 강서구 대저2동 1-1,김해 체력단련장,회원제,9,OUT,"2,629M/2,875YD","9,000원 ~ 72,000원",40000,-,http://www.airforce.mil.kr,051-973-3083,FIELD
경상권,경남 김해,경남 김해시 한림면 김해대로 974번길 198,김해상록,퍼블릭,18,황새/여의,"6,310M/6,901YD","75,000원 ~ 170,000원",60000,100000,https://www.sangnokresort.co.kr,055-340-1400,FIELD
경상권,경북 군위,경상북도 군위군 군위읍 외량리 산13,꽃담,회원제,18,이스트/웨스트,"6,455M/7,059YD","35,000원 ~ 180,000원",80000,120000,http://www.ccotdamcc.co.kr,054-380-0007,FIELD
경상권,경북 안동,경상북도 안동시 일직면 풍일로 1887,남안동,회원제,18,에덴/벧엘,"6,345M/6,939YD","140,000원 ~ 180,000원",80000,100000,http://namandongcc.co.kr,054-850-2800,FIELD
경상권,경남 남해,경상남도 남해군 남면 덕원리 산35-5,남해힐튼,퍼블릭,18,OUT/IN,"6,583M/7,199YD","115,000원 ~ 159,000원",80000,100000,http://www.hiltonnamhae.com,055-860-0100,FIELD
경상권,대구 달성,대구광역시 달성군 가창면 용계리 74-1,냉천,퍼블릭,9,OUT,,,,,,053-768-5512,FIELD
경상권,경남 고성,경상남도 고성군 회화면 봉동리 산98,노벨,회원제,27,가야/충무/공룡,"9,428M/10,311YD","23,000원 ~ 185,000원",80000,110000,http://www.nobelcc.co.kr,055-670-8000,FIELD
경상권,경북 상주,경상북도 상주시 모서면 호율리 산127,뉴스프링빌II(백화산),퍼블릭,18,몬테로사/빅혼,"6,675M/7,300YD","75,000원 ~ 145,000원",80000,120000,http://www.newspring.co.kr,054-450-2800,FIELD
경상권,경남 양산,경상남도 양산시 상북면 상삼리 산18-5,다이아몬드,퍼블릭,18,North Cape/South Cape ,"6,492M/7,099YD","125,000원 ~ 190,000원",80000,110000,https://www.diamondcc.co.kr,055-392-0700,FIELD
경상권,경북 경산,경상북도 경산시 진량읍 선화리 67-2,대구,회원제,27,동/중/서,"9,535M/10,428YD","60,000원 ~ 190,000원",80000,100000,http://www.daegucc.co.kr,053-850-9000,FIELD
경상권,대구 동구,대구광역시 동구 둔산동 936-2,대구 체력단련장,회원제,9,OUT,"2,734M/2,989YD","9,000원 ~ 72,000원",40000,-,http://www.airforce.mil.kr,053-989-3769,FIELD
경상권,부산 금정,부산광역시 금정구 선동 산128,동래베네스트,회원제,18,OUT/IN,"6,198M/6,778YD","70,000원 ~ 205,000원",80000,120000,https://www.golfsamsung.com,051-580-0300,FIELD
경상권,경남 양산,경상남도 양산시 매곡동 131,동부산,회원제,27,레이크/힐/밸리,"9,760M/10,674YD","23,000원 ~ 198,000원",80000,100000,http://www.dongpusancc.co.kr,055-388-1315,FIELD
경상권,경남 거제,경상남도 거제시 장목면 송진포리 산77-3,드비치,회원제,18,OUT/IN,"6,805M/7,442YD","23,000원 ~ 195,000원",80000,100000,http://www.debeach.co.kr,055-736-3000,FIELD
경상권,경남 한안,경상남도 함안군 칠원면 운곡리 산108,레이크힐스 경남,회원제,18,제이드/페리돗,"6,420M/7,021YD","23,000원 ~ 223,000원",80000,100000,http://www.lakehillscc.co.kr,055-589-8888,FIELD
경상권,경남 김해,경상남도 김해시 진례면 송현리 산100,롯데스카이힐 김해,회원제,18,스카이/힐,"6,403M/7,002YD","30,000원 ~ 200,000원",80000,100000,http://www.skyhill.co.kr,055-340-9000,FIELD
경상권,경북 성주,경상북도 성주군 초전면 소성리 산49-1,롯데스카이힐 성주,퍼블릭,18,스카이/힐,"6,602M/7,220YD","80,000원 ~ 170,000원",80000,120000,http://www.skyhill.co.kr,054-930-9000,FIELD
경상권,경남 밀양,경상남도 밀양시 활성동 산33,리더스,퍼블릭,27,레이크/힐/파인,"9,540M/10,433YD","140,000원 ~ 180,000원",80000,100000,https://www.leaderscc.co.kr,055-350-3000,FIELD
경상권,경북 경주,경상북도 경주시 양남면 신대리 산140-1,마우나오션,회원제,18,마우나/오션,"6,084M/6,654YD","23,000원 ~ 170,000원",80000,100000,http://www.mauna.co.kr,054-740-0500,FIELD
경상권,대구 수성,대구광역시 수성구 무열로 56,무열대 체력단련장,회원제,9,OUT,"2,761M/3,019YD","13,000원 ~ 89,000원",48000,100000,https://www.armywelfaregolf.mil.kr,053-750-6736,FIELD
경상권,경북 문경,경상북도 문경시 문경읍 마성면 외어리 산 1-1,문경,퍼블릭,18,문희/경서,"4,843M/5,296YD","95,000원 ~ 150,000원",80000,120000,http://www.mgle.co.kr,054-550-5000,FIELD
경상권,경북 김천,경북 김천시 구성면 송죽리 611-2,베네치아,회원제,18,다빈치/폴로,"6,904M/7,550YD","30,000원 ~ 180,000원",100000,110000,http://www.veneziacc.com,054-431-2135,FIELD
경상권,부산 기장,부산광역시 기장군 일광면 이천8길 100,베이사이드,회원제,27,파크/레이크/캐년,"9,911M/10,840YD","23,000원 ~ 220,000원",88000,100000,http://www.bayside.co.kr,051-930-0000,FIELD
경상권,울산 울주,울산광역시 울주군 삼동면 금곡리 산183-6,보라,회원제,27,에드웨드/윌리엄/헨리,"9,746M/10,658YD","23,000원 ~ 205,000원",80000,100000,http://www.boracc.com,052-225-1000,FIELD
경상권,경북 경주,경상북도 경주시 북군동 5-4,보문,퍼블릭,18,OUT/IN,"6,270M/6,857YD","75,000원 ~ 140,000원",80000,100000,http://golf.gtc.co.kr,054-745-1680,FIELD
경상권,경남 창녕,경상남도 창녕군 부곡면 거문리 산263,부곡,회원제,18,동/서,"6,294M/6,883YD","55,000원 ~ 175,000원",80000,100000,http://www.bkcc.co.kr,055-521-0707,FIELD
경상권,부산 금정,부산광역시 금정구 노포동 368,부산,회원제,18,OUT/IN,"6,154M/6,730YD","22,620원 ~ 182,000원",80000,100000,http://www.bscc.co.kr,051-509-0707,FIELD
경상권,경북 경주,경상북도 경주시 천군동 산31,블루원보문(구 디아너스),회원제,27,레이크/밸리/힐스,"9,747M/10,659YD","30,000원 ~ 200,000원",80000,120000,http://www.blueone.com,054-777-9500,FIELD
경상권,경북 상주,경상북도 상주시 모서면 화현리 산46-1,블루원상주,퍼블릭,18,이스트/웨스트,"6,737M/7,368YD","90,000원 ~ 180,000원",80000,120000,http://www.blueone.com,054-530-8888,FIELD
경상권,경남 남해,경상남도 남해군 창선면 흥선로 1545,사우스케이프 오너스클럽,퍼블릭,18,OUT/IN,"6,680M/7,305YD","210,000원 ~ 390,000원",90000,120000,http://www.southcape.co.kr,1644-0280,FIELD
경상권,경남 사천,경상남도 사천시 서포면 구평리 산74번지,사천,퍼블릭,27,파인/래빗/드래곤,"9,434M/10,317YD","80,000원 ~ 120,000원",80000,120000,http://www.4000cc.co.kr,055-851-5001,FIELD
경상권,경남 사천,경상남도 사천시 축동면 길평리 6-2,사천 체력단련장,회원제,9,OUT,"2,804M/3,066YD","9,000원 ~ 72,000원",40000,-,http://www.airforce.mil.kr,055-850-5804,FIELD
경상권,경남 사천,경상남도 사천시 축동면 반용리 산 110-1,삼삼,퍼블릭,9,OUT,"6,387M/6,985YD","55,000원 ~ 95,000원",60000,120000,http://www.samsamcc.co.kr,055-958-3333,FIELD
경상권,경북 경주,경상북도 경주시 외동읍 석계리 산1,서라벌,퍼블릭,36,마운틴/레이크/힐/밸리 ,"13,109M/14,336YD","120,000원 ~ 160,000원",84000,120000,http://www.seorabolgc.com,054-773-7000,FIELD
경상권,경북 경주,경상북도 경주시 안강읍 검단리 67,선리치,퍼블릭,9,OUT,"3,060M/3,346YD","40,000원 ~ 100,000원",80000,100000,https://www.sunrichgc.com,054-777-3333,FIELD
경상권,경북 구미,경상북도 구미시 산동면 인덕리 산39-1,선산,회원제,18,OUT/IN,"6,606M/7,224YD","60,000원 ~ 190,000원",80000,120000,http://www.sunsancc.com,054-473-6200,FIELD
경상권,경북 칠곡,경상북도 칠곡군 왜관읍 봉계리 17,세븐밸리,회원제,18,OUT/IN,"6,629M/7,250YD","25,000원 ~ 205,000원",80000,120000,http://www.sevenvalley.co.kr,054-979-1004,FIELD
경상권,경남 함양,경상남도 함양군 서상면 대남리 492-24,스카이뷰,회원제,18,OUT/IN,"6,542M/7,154YD","23,000원 ~ 140,000원",80000,120000,http://www.skyviewcc.co.kr,055-960-7000,FIELD
경상권,울산 울주,울산광역시 을주군 서생면 위양리 261,스타스콥,퍼블릭,18,스타스콥,"6,212M/6,794YD","100,000원 ~ 140,000원",80000,100000,http://www.starscope.co.kr,052-240-0100,FIELD
경상권,경남 합천,경상남도 합천군 가야면 성기리 산 105,아델스코트,회원제,27,마운틴/레이크/힐,"9,789M/10,705YD","35,000원 ~ 180,000원",80000,120000,http://www.adelscott.co.kr,055-930-7777,FIELD
경상권,부산 기장,부산광역시 기장군 일광면 이천리 34,아시아드,회원제,27,레이크/파인/밸리,"9,721M/10,631YD","23,000원 ~ 210,000원",80000,100000,http://www.asiadcc.co.kr,051-720-6000,FIELD
경상권,경북 경주,경상북도 경주시 안강읍 옥산리 949,안강레전드,퍼블릭,18,킹/퀸,"6,035M/6,599YD","50,000원 ~ 100,000원",80000,120000,https://www.legendgolf.co.kr,054-760-0707,FIELD
경상권,경북 김천,경상북도 김천시 어모면 능치리 산67,애플밸리,퍼블릭,9,OUT,"3,100M/3,390YD","100,000원 ~ 140,000원",80000,110000,http://www.applevalley.co.kr,054-429-0700,FIELD
경상권,경남 양산,경상남도 양산시 상북면 소토리 산9-18,양산,회원제,27,가온/누리/마루,"11,000M/12,030YD","130,000원 ~ 170,000원",80000,110000,https://www.yangsancc.co.kr,055-379-0000,FIELD
경상권,경남 양산,경상남도 양산시 어곡동 산489-1,에덴밸리,회원제,18,에덴/밸리,"6,703M/7,330YD","23,000원 ~ 198,000원",80000,120000,http://golf.edenvalley.co.kr,055-379-8000,FIELD
경상권,경남 양산,경상남도 양산시 매곡동 산1,에이원,회원제,27,동/남/서,"9,610M/10,510YD","23,000원 ~ 195,000원",80000,120000,http://www.aonecc.co.kr,055-371-3500,FIELD
경상권,경북 의성,경상북도 의성군 봉양면 신평리 산 107,엠스클럽의성,회원제,27,마스터/챔피언/챌린지,"10,136M/11,085YD","90,000원 ~ 150,000원",80000,120000,http://us.msclub.co.kr,054-830-3300,FIELD
경상권,울산 울주,울산광역시 울주군 삼남면 가천리 산4,영남 알프스,퍼블릭,9,OUT,"978M/1,065YD","54,000원 ~ 68,000원",-,70000,http://www.ynalpsgolf.co.kr,052-264-0980,FIELD
경상권,경북 영천,경상북도 영천시 고경면 호국로 1221-24,영천오펠,회원제,27,가람/누리/마루,"9,764M/10,678YD","30,000원 ~ 210,000원",80000,100000,http://www.ophelgc.com,054-330-2100,FIELD
경상권,경북 예천,경상북도 예천군 유천면 예성로 357,예천 체력단련장,회원제,9,OUT,"2,875M/3,144YD","9,000원 ~ 72,000원",40000,-,http://www.airforce.mil.kr,054-650-5782,FIELD
경상권,경북 영덕,경상북도 영덕군 강구면 삼사리 478,오션뷰,회원제,27,오션/뷰/비치,"9,625M/10,526YD","10,000원 ~ 150,000원",80000,120000,http://www.oceanviewcc.com,054-730-9000,FIELD
경상권,경북 영천,경상북도 영천시 임고면 방목길 34-2,오션힐스 영천,회원제,27,해/달/별,"10,270M/11,231YD","30,000원 ~ 190,000원",80000,120000,http://www.oceanhills.com,054-330-9001,FIELD
경상권,경북 청도,경상북도 청도군 매전면 곰티로 370-204,오션힐스 청도,회원제,18,크리크/밸리,"6,477M/7,083YD","40,000원 ~ 190,000원",80000,120000,http://www.oceanhills.com,054-370-7000,FIELD
경상권,경북 포항,경상북도 포항시 북구 송라면 대전리 산208,오션힐스 포항,회원제,27,파인/힐스/오션,"9,672M/10,577YD","35,000원 ~ 180,000원",80000,120000,http://www.oceanhills.com,054-260-7000,FIELD
경상권,경남 진해,경상남도 진해시 용원동 산39,용원,회원제,27,무학/백로/백구,"9,609M/10,509YD","62,000원 ~ 194,000원",80000,120000,https://www.ywcc.co.kr,055-552-0080,FIELD
경상권,경북 경주,경상북도 경주시 양남면 신대리 산 307-6,우리골프클럽,퍼블릭,9,OUT,"3,044M/3,329YD","66,000원 ~ 100,000원",80000,100000,http://www.urigolfclub.co.kr,054-740-0800,FIELD
경상권,울산 울주,울산광역시 울주군 웅촌면 대대리 산105,울산,회원제,27,동/남/서,"9,568M/10,464YD","23,000원 ~ 169,000원",80000,120000,http://ulsancc.co.kr,052-225-0707,FIELD
경상권,경남 의령,경상남도 의령군 의령읍 대산리 266,의령친환경,퍼블릭,9,OUT,"2,891M/3,162YD","45,000원 ~ 60,000원",-,-,http://golf.uiryeong.go.kr,055-570-2951,FIELD
경상권,경북 포항,경상북도 포항시 북구 청하면 신흥리 산3,이스턴,퍼블릭,9,OUT,"2,800M/3,062YD","55,000원 ~ 95,000원",80000,100000,http://www.easterncc.co.kr,054-253-0755,FIELD
경상권,경북 경주,경상북도 경주시 양남면 효동리 산505,이스트힐,퍼블릭,18,레이크/밸리,"6,095M/6,666YD","95,000원 ~ 130,000원",80000,120000,http://www.easthills.co.kr,054-775-1700,FIELD
경상권,경북 경산,경상북도 경산시 평산동 산51-2,인터불고 경산,회원제,27,스카이/마운틴/밸리,"10,509M/11,493YD","30,000원 ~ 210,000원",80000,100000,http://www.interburgocc.com,053-819-6100,FIELD
경상권,경남 김해,경상남도 김해시 주촌면 덕암리 산 180,정산,회원제,27,해우/달우/별우,"9,935M/10,865YD","22,620원 ~ 200,000원",80000,110000,http://www.jeongsancc.co.kr,055-338-8300,FIELD
경상권,경북 구미,경상북도 구미시 산동면 강동로 953-74,제이스,퍼블릭,18,OUT/IN,"5,172M/5,656YD","90,000원 ~ 130,000원",40000,120000,http://jscountryclub.com,054-473-6200,FIELD
경상권,경북 경주,경상북도 경주시 감포읍 나정리 산47,제이스시사이드,퍼블릭,18,OUT/IN,"6,257M/6,843YD","105,000원 ~ 150,000원",80000,120000,https://jsseaside.com,054-777-9000,FIELD
경상권,경남 진주,경상남도 진주시 진성면 상촌리 산1,진주,회원제,18,남강/촉석,"6,355M/6,950YD","55,000원 ~ 175,000원",80000,100000,http://chinjucc.co.kr,055-758-0400,FIELD
경상권,경남 진해,경상남도 진해시 덕산동 90-1,진해 체력단련장,회원제,15,OUT,"4,579M/5,117YD","13,000원 ~ 82,000원",60000,90000,http://welfare.navy.mil.kr,055-546-3080,FIELD
경상권,경남 창원,경상남도 창원시 봉림동 산50,창원,회원제,18,동/서,"6,346M/6,940YD","40,000원 ~ 195,000원",80000,100000,http://www.changwoncountryclub.co.kr,055-288-4112,FIELD
경상권,경북 영천,경상북도 영천시 고경면 도암리 산43,충성대,회원제,9,OUT,"5,635M/6,162YD","30,000원 ~ 120,000원",40000,-,http://www.csdcc.or.kr,054-330-0600,FIELD
경상권,경북 경주,경상북도 경주시 마동 111-1,코오롱호텔가든,퍼블릭,9,OUT,"2,039M/2,230YD","46,000원 ~ 104,000원",-,-,http://golf.kolon.com,054-746-7900,FIELD
경상권,경남 사천,경상남도 사천시 곤양면 가화리 312,타니,회원제,36,백호/청룡/부작/현무,"12,650M/1,3834","22,620원 ~ 180,000원",80000,120000,http://www.tanicc.co.kr,055-831-7000,FIELD
경상권,경북 안동,경상북도 안동시 풍천면 어달리 239,탑블리스,회원제,18,송가/호반,"6,610M/7,229YD","25,000원 ~ 180,000원",80000,120000,http://www.top-bliss.com,054-843-5778,FIELD
경상권,경남 양산,경상남도 양산시 하북면 답곡리 133,통도파인이스트(구 통도),회원제,36,남 OUT/남 IN/북 OUT/북 IN ,"12,975M/14,190YD","62,000원 ~ 195,000원",80000,100000,http://www.tongdocc.co.kr,055-370-1300,FIELD
경상권,경북 칠곡,경상북도 칠곡군 왜관읍 매원리 295-1,파미힐스,회원제,36,남 OUT/남 IN/동 OUT/동 IN ,"12,992M/14,208YD","40,000원 ~ 180,000원",80000,100000,http://www.palmyhillscc.co.kr,054-971-9900,FIELD
경상권,대구 동구,대구광역시 동구 도학동 산 1,팔공,회원제,18,OUT/IN,"6,406M/7,006YD","60,000원 ~ 150,000원",80000,100000,http://www.palgong-cc.co.kr,053-982-8080,FIELD
경상권,경북 포항,경상북도 포항시 남구 청림동 28,포항 체력단련장,회원제,9,OUT,"2,597M/2,840YD","13,000원 ~ 60,000원",40000,90000,http://welfare.navy.mil.kr,054-291-0522,FIELD
경상권,경북 포항,경상북도 포항시 북구 송라면 상송리 산48,포항(구 송라제니스),퍼블릭,18,동해/태백,"6,680M/7,305YD","100,000원 ~ 150,000원",80000,120000,http://www.pohangcc.com,054-230-2000,FIELD
경상권,부산 강서,부산광역시 강서구 지사동 산207,하이스트,퍼블릭,9,OUT,"2,827M/3,092YD","65,000원 ~ 115,000원",60000,100000,https://www.highestcc.co.kr,051-314-7000,FIELD
경상권,경북 예천,경상북도 예천군 호명면 황지리 73-19,한맥CC&노블리아,퍼블릭,18,한맥/노블리아,"6,691M/7,317YD","120,000원 ~ 170,000원",80000,120000,https://www.hmcn.co.kr,054-650-7000,FIELD
경상권,부산 강서,부산광역시 강서구 지사동 산 9-3,해라,퍼블릭,9,OUT,"2,269M/2,481YD","60,000원 ~ 80,000원",60000,100000,http://www.haeracc.co.kr,051-973-7400,FIELD
경상권,부산 기장,부산광역시 기장군 장관면 산6,해운대,회원제,27,로얄/실크/골든,"9,831M/10,751YD","23,500원 ~ 198,000원",80000,120000,http://www.haeundaecc.co.kr,051-726-8113,FIELD
경상권,부산 기장,부산광역시 기장군 기장읍 대변로 74,해운대비치,회원제,18,마운틴/오션,"6,629M/7,249YD",-,-,-,http://www.haeundaebeachcc.com,051-724-2268,FIELD
경상권,경북 안동,경상북도 안동시 관광단지로 316,휴그린,퍼블릭,18,OUT/IN,"6,333M/6,926YD","60,000원 ~ 100,000원",80000,120000,http://hugreen.gtc.co.kr,054-821-8866,FIELD
경상권,경남 창녕,경상남도 창녕군 장마면 초곡리 산228,힐마루,회원제,18,북/남,"6,695M/7,322YD","22,620원 ~ 195,000원",80000,100000,http://www.hillmaru.com,055-520-8000,FIELD
경상권,경남 창녕,경상남도 창녕군 장마면 초곡리 산228,힐마루,퍼블릭,18,동/서,"6,845M/7,092YD","65,000원 ~ 180,000원",80000,100000,http://www.hillmaru.com,055-520-8000,FIELD
전라권,전남 광양,전라남도 광양시 가야로 223,거명,퍼블릭,6,OUT,"1,965M/2,149YD","48,000원 ~ 90,000원",60000,90000,http://www.gygc.kr,061-817-0707,FIELD
전라권,전남 고창,전라북도 고창군 심원면 고전리 1916,고창,퍼블릭,18,바다/푸른,"6,435M/7,037YD","60,000원 ~ 110,000원",80000,100000,https://www.gochangcc.co.kr,063-560-7744,FIELD
전라권,전남 나주,전라남도 나주시 남평읍 우산리 2356-4,골드레이크,회원제,18,골드/레이크,"6,457M/7,062YD","23,000원 ~ 174,000원",80000,110000,https://www.goldlake.co.kr,061-339-3000,FIELD
전라권,전남 나주,전라남도 나주시 남평읍 우산리 2356-4,골드레이크,퍼블릭,18,힐/밸리,"6,401M/7,000YD","23,000원 ~ 143,000원",80000,110000,https://www.goldlake.co.kr,061-339-3000,FIELD
전라권,전북 고창,전라북도 고창군 아산면 운곡로 418,골프존카운티 선운,퍼블릭,18,선운/화시,"5,872M/6,422YD","70,000원 ~ 135,000원",80000,120000,http://www.golfzoncounty.com,063-560-2019,FIELD
전라권,전남 곡성,전라남도 곡성군 옥과면 합강리 410,광주,회원제,27,설산/섬진/동악,"9,457M/10,342YD","23,000원 ~ 170,000원",80000,110000,https://www.kjcc.co.kr,061-362-5534,FIELD
전라권,광주 광산,광주광역시 광산구 송도로 114번길 53,광주 체력단련장,회원제,9,OUT,"2,734M/2,989YD","9,000원 ~ 72,000원",16000,-,http://www.airforce.mil.kr,062-940-4974,FIELD
전라권,전북 군산,전라북도 군산시 옥서면 옥봉리 1741,군산,회원제,18,레이크/리드,"6,668M/7,292YD","23,000원 ~ 150,000원",80000,120000,http://www.gunsancc.net,063-472-3300,FIELD
전라권,전북 군산,전라북도 군산시 옥서면 옥봉리 1741,군산,퍼블릭,63,전주/익산/김제/정읍/부안/남원/순창,"23,503M/25,703YD","80,000원 ~ 130,000원",60000,120000,http://www.gunsancc.net,063-472-3300,FIELD
전라권,전남 항평,전라남도 함평군 함평읍 수호리 산55,나비,퍼블릭,9,OUT,"2,890M/3,161YD","35,000원 ~ 57,000원",80000,100000,http://hpnabicc.co.kr,061-322-0000,FIELD
전라권,전남 나주,전라남도 나주시 공산면 상방리 7,나주,퍼블릭,9,OUT,"3,040M/3,325YD","59,000원 ~ 89,000원",80000,100000,http://www.najucc.com,061-335-7722,FIELD
전라권,전남 나주,전라남도 나주시 세지면 성산리 820,나주힐스,퍼블릭,9,OUT,"2,991M/3,271YD","40,000원 ~ 80,000원",40000,-,http://www.najuhills.com,061-337-5700,FIELD
전라권,전남 화순,전라남도 화순군 춘양면 양곡리 산67,남광주,회원제,18,남/동,"6,176M/6,754YD","55,000원 ~ 180,000원",80000,120000,http://www.ngjcc.co.kr,061-373-5511,FIELD
전라권,전북 남원,전라북도 남원시 대산면 대곡리 산106,남원상록,퍼블릭,18,몽룡/춘향,"6,615M/7,234YD","60,000원 ~ 130,000원",60000,120000,https://www.sangnokresort.co.kr,063-630-1300,FIELD
전라권,전남 담양,전라남도 담양군 담양읍 학동리 산79,담양다이너스티,회원제,18,임페리얼/마제스티,"6,439M/7,042YD","25,000원 ~ 179,000원",80000,100000,http://dy.dynastycc.co.kr,061-380-7500,FIELD
전라권,전북 진안,전라북도 진안군 부귀면 봉암리 산 98-1,동진주써미트,퍼블릭,27,M/S/K,"9,417M/10,303YD","80,000원 ~ 120,000원",80000,120000,http://www.summitcc.co.kr,063-432-5000,FIELD
전라권,전북 남원,전라북도 남원시 대산면 옥율리 산 142-1,드래곤레이크,퍼블릭,18,드래곤/레이크,"6,531M/7,142YD","60,000원 ~ 130,000원",80000,120000,http://www.dragonlake.co.kr,063-630-3004,FIELD
전라권,전남 여수,전라남도 여수시 화양면 안포리 638-1,디오션,퍼블릭,18,웨스트오션/이스트오션,"6,183M/6,762YD","110,000원 ~ 150,000원",80000,120000,http://www.theoceanresort.co.kr,061-689-0400,FIELD
전라권,전남 순천,전라남도 순천시 주암면 행정리 1,레이크힐스 순천,회원제,36,다이아몬드/루비/에메랄드/토파즈 ,"12,499M/13,669YD","23,000원 ~ 200,000원",80000,120000,http://www.lakehillscc.co.kr,061-729-8888,FIELD
전라권,전남 화순,전라남도 화순군 화순읍 서태리 722,무등산,회원제,27,천왕봉/지왕봉/인왕봉,"9,640M/10,542YD","25,000원 ~ 175,000원",80000,120000,https://www.mudeungsancc.com,061-379-1000,FIELD
전라권,전남 무안,전라남도 무안군 청계면 도대리 818-1,무안,퍼블릭,54,동A/동B/서A/서B/남A/남B,"19,309M/21,116YD","60,000원 ~ 115,000원",80000,110000,http://www.muangc.co.kr,061-450-9000,FIELD
전라권,전북 무주,전라북도 무주군 설천면 심곡리 산 43-15,무주덕유산,회원제,18,OUT/IN,"5,998M/6,559YD","22,620원 ~ 145,000원",80000,120000,http://www.mdysresort.com,063-322-9000,FIELD
전라권,전북 무주,전라북도 무주군 안성면 공진리 788-2,무주안성,퍼블릭,18,마운틴/레이크,"6,446M/7,050YD","55,000원 ~ 135,000원",80000,120000,http://www.mujuanseongcc.co.kr,063-320-3232,FIELD
전라권,전남 장성,전라남도 장성군 북이면 사거리 752-1,백양우리,퍼블릭,9,OUT,"3,079M/3,367YD","55,000원 ~ 90,000원",60000,100000,http://www.woori-cc.co.kr,061-392-2300,FIELD
전라권,전북 익산,전라북도 익산시 웅포면 웅포리 172-9,베어리버,회원제,18,베어 OUT/베어 IN,"7,111M/7,777YD","35,000원 ~ 140,000원",80000,120000,http://www.bearriver.co.kr,063-720-7000,FIELD
전라권,전북 익산,전라북도 익산시 웅포면 웅포리 172-9,베어리버,퍼블릭,18,리버 OUT/리버 IN,"6,675M/7,300YD","90,000원 ~ 150,000원",80000,120000,http://www.bearriver.co.kr,063-720-7000,FIELD
전라권,전남 보성,전라남도 보성군 조성면 대곡리 산49,보성,퍼블릭,18,마운틴/레이크,"6,280M/6,868YD","75,000원 ~ 120,000원",80000,120000,https://www.bosungcc.co.kr,061-804-1000,FIELD
전라권,전남 보성,전라남도 보성군 보성읍 쾌상리 산168-15번지,보성에덴,퍼블릭,9,OUT/IN,"2,838M/3,102YD","35,000원 ~ 55,000원",60000,100000,http://edencc.co.kr,061-852-2200,FIELD
전라권,광주 남구,광주광역시 남구 노대동 558-2,빛고을,퍼블릭,9,OUT,"2,736M/2,992YD","40,000원 ~ 70,000원",60000,100000,http://www.bitgoeulcc.co.kr,062-672-7400,FIELD
전라권,전북 인산,전라북도 인산시 덕기동 760-15,상떼힐 익산,회원제,18,동/서,"6,372M/6,969YD","25,000원 ~ 165,000원",80000,120000,http://www.santehill.com,063-835-2521,FIELD
전라권,전남 장성,전라남도 장성군 삼서면 학성리 1000,상무대,회원제,9,OUT,"2,993M/3,273YD","27,000원 ~ 79,000원",40000,100000,http://www.sangmudaecc.or.kr,061-350-2561,FIELD
전라권,전북 고창,전라북도 고창군 고창읍 석정2로 192번지,석정힐,퍼블릭,18,마운틴/레이크,"6,132M/6,706YD","50,000원 ~ 120,000원",80000,120000,http://www.hillcc.com,063-560-7002,FIELD
전라권,전북 순창,전라북도 순창군 순창읍 순화리 산10-1,순창,퍼블릭,9,Gold Mountain,"2,920M/3,193YD","40,000원 ~ 60,000원",40000,110000,http://sunchangcc.co.kr,063-652-8000,FIELD
전라권,전남 순천,전라남도 순천시 해룡면 신대로 183,순천 부영,퍼블릭,18,우정/사랑,"6,587M/7,204YD","80,000원 ~ 130,000원",80000,100000,http://www.scbooyoungcc.co.kr,061-816-5533,FIELD
전라권,전북 김제,전라북도 김제시 홍사동 산87-1,엠카운티스파힐스,퍼블릭,18,카운티/힐스,"5,858M/6,406YD","85,000원 ~ 120,000원",60000,120000,http://www.spahillscc.co.kr,063-547-8300,FIELD
전라권,전남 순천,전라남도 순천시 상사면 오곡리 산177,승주,회원제,27,동/남/중,"9,705M/10,614YD","64,000원 ~ 184,000원",80000,100000,http://www.sjcc.co.kr,061-740-8181,FIELD
전라권,전남 여수,전라남도 여수시 둔덕동 471-71,시티파크리조트,퍼블릭,18,파크/시티,"6,523 M /7,134 YD","70,000원 ~ 120,000원",80000,120000,http://www.citypark.co.kr,061-808-8000,FIELD
전라권,전북 김제,전라북도 김제시 황산면 봉월리 10-14,아네스빌,퍼블릭,18,OUT,"3,143M/3,437YD","55,000원 ~ 95,000원",60000,120000,http://www.anesville.co.kr,063-547-1553,FIELD
전라권,전남 영암,전라남도 영암군 금정면 세류리 533-1,아크로,퍼블릭,27,챌린지/스카이/마스터,"9,405M/10,285YD","80,000원 ~ 135,000원",80000,120000,http://www.acrogolf.co.kr,061-470-7000,FIELD
전라권,광주 광산,광주광역시 광산구 운수동 산 157-15,어등산,회원제,27,어등/송정/하남,"10,130M/11,078YD","23,000원 ~ 175,000원",80000,120000,http://www.eodeungsancc.com,062-605-3000,FIELD
전라권,전북 익산,전라북도 익산시 웅포면 강변로 130번지,에메랄드,회원제,18,BEAR OUT/BEAR IN ,"7,111M/7,777YD","150,000원 ~ 180,000원",80000,120000,http://www.emeraldcc.co.kr,063-720-7700,FIELD
전라권,광주 광산,광주광역시 광산구 연산동 산118,에콜리안 광산,퍼블릭,9,OUT/IN,"2,938M/3,213YD","55,000원 ~ 75,000원",-,-,https://gs.ecolian.or.kr/asp/,062-960-1500,FIELD
전라권,전남 영광,전라남도 영광군 영광읍 월현로 1길 40,에콜리안 영광,퍼블릭,9,OUT,"2,983M/3,262YD","45,000원 ~ 65,000원",-,-,https://yg.ecolian.or.kr,1800-9399,FIELD
전라권,전남 여수,전라남도 여수시 경호동 438-1(대경도),여수 경도,퍼블릭,27,금오도/오동도/돌산도,"9,883M/10,808YD","120,000원 ~ 185,000원",80000,120000,http://www.jnto.co.kr,061-650-0600,FIELD
전라권,전남 영광,전라남도 영광군 백수읍 구수리 산40-18,영광,퍼블릭,18,오션/밸리,"6,410M/7,010YD","75,000원 ~ 135,000원",80000,120000,http://www.ygcc.co.kr,061-350-2000,FIELD
전라권,전남 해남,전라남도 해남군 화원면 시아로 224,오시아노,퍼블릭,9,OUT,"3,327M/3,638YD","50,000원 ~ 90,000원",60000,100000,http://www.oceanocc.co.kr,061-536-1000,FIELD
전라권,전남 곡성,전라남도 곡성군 옥과면 소룡리 427-2,옥과기안,퍼블릭,9,OUT,"2,975M/3,253YD","40,000원 ~ 80,000원",40000,110000,http://www.okgwakiancc.co.kr,061-363-9700,FIELD
전라권,전북 장수,전라북도 장수군 계남면 궁양리 955,장수,퍼블릭,18,사과/나무,"6,825M/7,464YD","100,000원 ~ 160,000원",80000,120000,http://www.jangsugolf.com,063-350-1004,FIELD
전라권,전북 임실,전라북도 임실군 신덕면 지장리 산7,전주샹그릴라,회원제,27,레이크/드림/엔젤,"9,354M/10,230YD","60,000원 ~ 145,000원",80000,120000,http://www.jeonjucc.co.kr,063-643-1000,FIELD
전라권,전북 전주,전라북도 전주시 덕진구 여의동 1155-4,전주월드컵,퍼블릭,9,OUT,"2,645M/2,893YD","52,000원 ~ 76,000원",-,-,http://golf.jjss.or.kr,063-239-2670,FIELD
전라권,전남 화순,전라남도 화순군 도곡면 대곡리 산 55-3,조아밸리,퍼블릭,9,OUT,"3,225M/3,527YD","65,000원 ~ 100,000원",60000,120000,https://joavalleycc.co.kr,061-370-9000,FIELD
전라권,전남 담양,전라남도 담양군 창평면 오강리 27-2,창평,퍼블릭,9,OUT,"2,974M/3,252YD","60,000원 ~ 93,000원",40000,100000,http://www.cppc.co.kr,061-380-8800,FIELD
전라권,전북 정읍,전라북도 정읍시 태인면 증산리 산3,태인,회원제,18,레이크/마운틴,"6,222M/6,804YD","65,000원 ~ 130,000원",40000,120000,http://www.taeincc.co.kr,063-532-7200,FIELD
전라권,전북 정읍,전라북도 정읍시 태인면 증산리 산3,태인,퍼블릭,7,OUT,"2,002M/2,189YD","20,000원 ~ 25,000원",-,-,http://www.taeincc.co.kr,063-534-0600,FIELD
전라권,전남 해남,전라남도 해남군 화원면 주광리 산19,파인비치,회원제,18,파인/비치,"6,843M/7,484YD","23,000원 ~ 200,000원",80000,120000,http://www.pinebeachcc.co.kr,061-530-7700,FIELD
전라권,전남 순천,전라남도 순천시 주암면 문길리 산 20-2,파인힐스,퍼블릭,27,레이크/파인/힐스,"9,435M/10,318YD","95,000원 ~ 150,000원",80000,120000,http://www.bosungleisure.com,061-750-9000,FIELD
전라권,전남 장성,전라남도 장성군 동화면 남산리 985-4,푸른솔,퍼블릭,27,마운틴/레이크/힐,"9,840M/10,761YD","100,000원 ~ 145,000원",80000,120000,http://www.purunsolgc.co.kr,061-339-6000,FIELD
전라권,전남 함평,전라남도 함평군 학교면 곡창리 산 1,함평다이너스티,회원제,27,마제스티/임페리얼/팰리스,"9,625M/10,526YD","25,000원 ~ 183,000원",80000,120000,https://www.hpdynastycc.co.kr,080-320-7700,FIELD
전라권,전남 나주,전라남도 나주시 다도면 송학리 1219,해피니스,회원제,27,해피/하트/휴먼,"9,575M/10,471YD","23,000원 ~ 175,000원",80000,110000,https://www.happinesscc.com,061-330-5000,FIELD
전라권,전남 화순,전라남도 화순군 도곡면 쌍옥리 산 15-1,화순,회원제,27,스프링/섬머/어텀,"9,569M/10,465YD","23,000원 ~ 170,000원",80000,100000,http://hwasuncc.co.kr,061-373-9955,FIELD
전라권,전남 순천,전라남도 순천시 별량면 죽산리 산15,힐사이드,퍼블릭,9,OUT,"2,577M/2,818YD","25,000원 ~ 60,000원",60000,100000,http://www.hillsidecc.co.kr,061-720-0001,FIELD
전라권,전남 장흥,전라남도 장흥군 장평면 기동리 181,JNJ,퍼블릭,27,정/남/진,"9,750M/10,663YD","100,000원 ~ 140,000원",80000,100000,http://www.jnjgolfresort.co.kr,061-864-9090,FIELD
전라권,전북 완주,전라북도 완주군 소양면 화심리 300,OK,퍼블릭,9,OUT,"3,002M/3,283YD","45,000원 ~ 75,000원",-,120000,https://www.okcc.co.kr,063-711-5557,FIELD
제주권,제주 서귀포,제주특별자치도 서귀포시 안덕면 광평리 산15,나인브릿지,회원제,18,하이랜드/크리크,"6,450M/7,054YD","74,000원 ~ 171,000원",80000,120000,http://www.ninebridges.co.kr,064-793-9999,FIELD
제주권,제주 서귀포,제주특별자치도 서귀포시 남원읍 수망리 산191,더클래식,회원제,18,OUT/IN,"6,717M/7,346YD","75,600원 ~ 141,000원",80000,100000,http://www.theclassicresort.com,064-766-7001,FIELD
제주권,제주 제주시,제주특별자치도 제주시 한경면 저지리 산18,라온,회원제,27,스톤/레이크/파인,"9,784M/10,700YD","0원 ~ 140,000원",80000,120000,http://www.raon.co.kr,064-795-8000,FIELD
제주권,제주 제주시,제주특별자치도 제주시 봉개동 237-5,라헨느리조트,회원제,18,레이크/오션/마운틴,"6,504M/7,113YD","50,000원 ~ 140,000원",80000,100000,http://www.lareine.co.kr,064-729-7777,FIELD
제주권,제주 서귀포,제주특별자치도 서귀포시 중문 산5,레이크힐스 제주,회원제,27,아쿠아마린/토파즈/에메랄드,"9,707M/10,616YD","30,000원 ~ 150,000원",80000,100000,http://www.lakehills.co.kr,064-780-8858,FIELD
제주권,제주 서귀포,제주특별자치도 서귀포시 색달동 100,롯데스카이힐 제주,회원제,36,스카이/힐/포레스트/오션,"13,345M/14,594YD","10,000원 ~ 141,000원",80000,120000,http://www.skyhill.co.kr,064-731-2000,FIELD
제주권,제주 서귀포,제주특별자치도 서귀포시 남원읍 수망리 산44,부영,퍼블릭,27,원앙/사랑/우정,"9,600M/10,499YD","102,000원 ~ 136,000원",60000,100000,https://www.booyoungcc.co.kr,064-766-5500,FIELD
제주권,제주 제주시,제주특별자치도 제주시 한림읍 금악리 산54,블랙스톤,회원제,27,North/South/East,"9,270M/10,138YD","109,000원 ~ 141,000원",90000,120000,http://www.blackstoneresort.com,064-796-9988,FIELD
제주권,제주 서귀포,제주특별자치도 서귀포시 표선면 성읍리 3192,사이프러스,회원제,36,North/South/East/West,"13,203M/14,439YD","0원 ~ 140,000원",80000,100000,http://www.cypress.co.kr,064-787-8888,FIELD
제주권,제주 서귀포,제주특별자치도 서귀포시 표선면 가시리 205,샤인필파크,회원제,18,팜/리버,"6,320M/6,912YD","45,000원 ~ 140,000원",60000,100000,http://www.shineville.com,064-787-8700,FIELD
제주권,제주 제주시,제주특별자치도 제주시 구좌읍 김영리 5160-2,세인트포,회원제,36,씨엘로/보스코/마레/비타 ,"13,807M/15,100YD","98,000원 ~ 142,000원",80000,120000,http://www.stfour.com,064-786-3838,FIELD
제주권,제주 서귀포,제주특별자치도 서귀포시 남원읍 위미리 산19,스프링데일,회원제,18,편백림/자연림,"6,602M/7,220YD","30,000원 ~ 135,000원",80000,100000,http://www.springdale.co.kr,064-800-8000,FIELD
제주권,제주 제주시,제주특별자치도 제주시 한림읍 금악리 산32,아덴힐,회원제,18,왕이메/새별,"6,904M/7,550YD","110,000원 ~ 150,000원",80000,100000,http://www.ardenhillresort.com,02-1588-7208,FIELD
제주권,제주 제주시,제주특별자치도 제주시 애월읍 어을리 523- 22,에버리스,회원제,27,레이크/새별/파인,"9,769M/10,684YD","0원 ~ 140,000원",80000,120000,http://www.everis.co.kr,064-795-5000,FIELD
제주권,제주 제주시,제주특별자치도 제주시 조천읍 대흘리 1221-1,에코랜드,퍼블릭,27,와일드/비치힐스/에코,"9,530M/10,422YD","90,000원 ~ 137,000원",80000,100000,http://www.ecolandjeju.co.kr,064-802-8041,FIELD
제주권,제주 제주시,제주특별자치도 제주시 애월읍 어음리 3914,엘리시안 제주,회원제,36,레이크/캄포/파인/오션 ,"13,084M/14,309YD","70,000원 ~ 141,000원",80000,100000,http://www.elysian.co.kr,064-798-7001,FIELD
제주권,제주 제주시,제주특별자치도 제주시 오라2동 289,오라,회원제,36,남 OUT/남 IN/동/서,"12,876M/14,081YD","23,000원 ~ 137,000원",80000,100000,https://ora.oraresort.com,064-747-5100,FIELD
제주권,제주 서귀포,제주특별자치도 서귀포시 상효동,우리들,회원제,18,OUT/IN,"6,585M/7,201YD","108,000원 ~ 141,000원",80000,120000,http://wooridulresort.com,1577-0064,FIELD
제주권,제주 제주시,제주특별자치도 제주시 영평동 2238-2,제주,퍼블릭,18,동/서,"6,213M/6,795YD","101,000원 ~ 138,000원",80000,100000,http://www.chejucc.co.kr,064-702-0451,FIELD
제주권,제주 제주시,제주특별자치도 서귀포시 표선면 표선리 40-69,제주 해비치,회원제,27,스카이/팜/레이크,"9,735M/10,646YD","42,000원 ~ 136,000원",80000,120000,https://www.haevichi.com,064-780-8000,FIELD
제주권,제주 서귀포,제주특별자치도 서귀포시 표선면 표선리 40-69,제주 해비치,퍼블릭,9,밸리,"3,033M/3,317YD","42,000원 ~ 136,000원",80000,120000,https://www.haevichi.com,064-780-8000,FIELD
제주권,제주 제주시,제주특별자치도 제주시 조천읍 와홀리 산28,제피로스,회원제,18,Mountain/Sea,"6,440M/7,043YD","20,000원 ~ 138,000원",100000,100000,http://www.zephyrosgc.co.kr,064-720-7000,FIELD
제주권,제주 서귀포,제주특별자치도 서귀포시 색달동 2101,중문,퍼블릭,18,한라/해안,"6,820M/7,458YD","91,000원 ~ 128,000원",80000,100000,http://jungmungolf.visitkorea.or.kr,064-735-7241,FIELD
제주권,제주 제주시,제주특별자치도 제주시 안덕면 광평리 산 125,캐슬렉스 제주,회원제,18,동/남,"6,344M/6,938YD","30,000원 ~ 128,000원",80000,100000,http://www.castlexjj.com,064-793-6688,FIELD
제주권,제주 제주시,제주특별자치도 제주시 안덕면 광평리 산 125,캐슬렉스 제주,퍼블릭,9,북,"2,594M/2,837YD","30,000원 ~ 128,000원",80000,100000,http://www.castlexjj.com,064-793-6688,FIELD
제주권,제주 제주시,제주특별자치도 제주시 조천읍 북촌리 산65,크라운,퍼블릭,27,서/남/동,"9,144M/10,000YD","98,000원 ~ 134,000원",80000,100000,http://www.jejucrowncc.co.kr,064-784-4811,FIELD
제주권,제주 제주시,제주특별자치도 제주시 애월읍 봉선리 산5,타미우스,회원제,27,마운틴/레이크/우드,"9,551M/10,445YD","40,000원 ~ 140,000원",80000,100000,http://www.tameusgv.co.kr,064-793-0707,FIELD
제주권,제주 서귀포,제주특별자치도 서귀포시 안덕면 상창리 2007,테디밸리,회원제,18,테디/밸리,"6,638M/7,259YD","30,000원 ~ 141,000원",80000,120000,http://www.teddyvalley.com,064-793-1000,FIELD
제주권,제주 제주시,제주특별자치도 제주시 봉개동 산 53,플라자 제주,회원제,18,OUT/IN,"6,320M/6,911YD","55,000원 ~ 125,000원",60000,100000,http://www.bonggaeplazacc.co.kr,064-725-9000,FIELD
제주권,제주 서귀포,제주특별자치도 서귀포시 안덕면 상천리 산62-3,핀크스,회원제,18,동/서,"6,735M/7,365YD","110,000원 ~ 144,000원",80000,120000,https://www.thepinx.co.kr,064-792-5200,FIELD
제주권,제주 서귀포,제주특별자치도 서귀포시 안덕면 상천리 산62-3,핀크스,퍼블릭,9,북,"2,929M/3,203","85,000원 ~ 97,000원",80000,120000,https://www.thepinx.co.kr,064-792-5200,FIELD
제주권,제주 제주시,제주특별자치도 제주시 오등동 10-14,한라산,회원제,18,마운틴/오션,"6,405M/7,004YD","0원 ~ 138,000원",60000,100000,http://www.hallasancc.co.kr,064-754-5678,FIELD